principle_id,source_id,author,work,edition,chapter_or_section,page_or_location,author_term,canonical_term,writing_level,fault_class,reader_problem,diagnostic_signal,diagnostic_question,revision_operation,procedure,conditions,exceptions,risks,counterexamples,evidence_type,empirical_status,skill_owner,secondary_skill,reference_only,exclusion_reason,example_ids,test_ids,confidence
WB-CLA-01,WB5,Joseph M. Williams; Joseph Bizup,Style: The Basics of Clarity and Grace,5th,Actions/Characters,https://www.pearson.com/en-us/subject-catalog/p/style-the-basics-of-clarity-and-grace/P200000002141/9780134109749,characters and actions,actor–action alignment,Sentence,misaligned story grammar,reader cannot identify central actor/action,subject/verb do not express central actor/action,Who or what is doing what?,align supported actor with subject and action with verb,Diagnose in context; apply the smallest supported change; run the semantic-preservation audit.,Use only when the observable signal causes the stated reader problem.,Marked form may be functional; consult the owning skill's exceptions.,"Mechanical application can change meaning, hierarchy, register, evidence, or voice.",A clean instance of the marked form should remain unchanged.,rhetorical heuristic,normative/case-supported; not universal empirical law,sentence-clarity,,False,,sentence-clarity/examples,sc-*,medium-high
WB-CLA-02,WB5,Joseph M. Williams; Joseph Bizup,Style: The Basics of Clarity and Grace,5th,Actions,https://www.pearson.com/en-us/subject-catalog/p/style-the-basics-of-clarity-and-grace/P200000002141/9780134109749,nominalization,buried action,Clause,buried action,action is obscured,action noun sits beside a light verb,Would a finite verb expose the main action?,promote action noun to verb when useful,Diagnose in context; apply the smallest supported change; run the semantic-preservation audit.,Use only when the observable signal causes the stated reader problem.,Marked form may be functional; consult the owning skill's exceptions.,"Mechanical application can change meaning, hierarchy, register, evidence, or voice.",A clean instance of the marked form should remain unchanged.,rhetorical heuristic,normative/case-supported; not universal empirical law,sentence-clarity,,False,,sentence-clarity/examples,sc-*,medium-high
WB-CLA-03,WB5,Joseph M. Williams; Joseph Bizup,Style: The Basics of Clarity and Grace,5th,Characters,https://www.pearson.com/en-us/subject-catalog/p/style-the-basics-of-clarity-and-grace/P200000002141/9780134109749,character,useful grammatical subject,Clause,misleading subject,agency/topic is hard to recover,shell or abstract subject displaces relevant actor,Does agency matter here?,use known relevant actor as subject,Diagnose in context; apply the smallest supported change; run the semantic-preservation audit.,Use only when the observable signal causes the stated reader problem.,Marked form may be functional; consult the owning skill's exceptions.,"Mechanical application can change meaning, hierarchy, register, evidence, or voice.",A clean instance of the marked form should remain unchanged.,rhetorical heuristic,normative/case-supported; not universal empirical law,sentence-clarity,,False,,sentence-clarity/examples,sc-*,medium-high
WB-CLA-04,WB5,Joseph M. Williams; Joseph Bizup,Style: The Basics of Clarity and Grace,5th,Shape,https://www.pearson.com/en-us/subject-catalog/p/style-the-basics-of-clarity-and-grace/P200000002141/9780134109749,start fast,manageable clause opening,Sentence,slow windup,main clause arrives too late,long opener delays kernel,Does the opener provide needed context?,"move, compress, or split opener",Diagnose in context; apply the smallest supported change; run the semantic-preservation audit.,Use only when the observable signal causes the stated reader problem.,Marked form may be functional; consult the owning skill's exceptions.,"Mechanical application can change meaning, hierarchy, register, evidence, or voice.",A clean instance of the marked form should remain unchanged.,rhetorical heuristic,normative/case-supported; not universal empirical law,sentence-clarity,,False,,sentence-clarity/examples,sc-*,medium-high
WB-CLA-05,WB5,Joseph M. Williams; Joseph Bizup,Style: The Basics of Clarity and Grace,5th,Characters,https://www.pearson.com/en-us/subject-catalog/p/style-the-basics-of-clarity-and-grace/P200000002141/9780134109749,passive,functional voice choice,Clause,agent suppression,accountability or action is hidden,passive suppresses relevant known agent,Does suppression harm comprehension/accountability?,recover agent or retain passive by function,Diagnose in context; apply the smallest supported change; run the semantic-preservation audit.,Use only when the observable signal causes the stated reader problem.,Marked form may be functional; consult the owning skill's exceptions.,"Mechanical application can change meaning, hierarchy, register, evidence, or voice.",A clean instance of the marked form should remain unchanged.,rhetorical heuristic,normative/case-supported; not universal empirical law,sentence-clarity,,False,,sentence-clarity/examples,sc-*,medium-high
WB-CLA-06,WB5,Joseph M. Williams; Joseph Bizup,Style: The Basics of Clarity and Grace,5th,Shape,https://www.pearson.com/en-us/subject-catalog/p/style-the-basics-of-clarity-and-grace/P200000002141/9780134109749,subject-verb split,dependency proximity,Clause,obstructive dependency,reader loses subject–verb relation,heavy movable unit interrupts dependency,Is the interruption mis-ranked or burdensome?,"move, shorten, or promote interruption",Diagnose in context; apply the smallest supported change; run the semantic-preservation audit.,Use only when the observable signal causes the stated reader problem.,Marked form may be functional; consult the owning skill's exceptions.,"Mechanical application can change meaning, hierarchy, register, evidence, or voice.",A clean instance of the marked form should remain unchanged.,rhetorical heuristic,normative/case-supported; not universal empirical law,sentence-clarity,,False,,sentence-clarity/examples,sc-*,medium-high
WB-CLA-07,WB5,Joseph M. Williams; Joseph Bizup,Style: The Basics of Clarity and Grace,5th,Understanding Style,https://www.pearson.com/en-us/subject-catalog/p/style-the-basics-of-clarity-and-grace/P200000002141/9780134109749,reason-based principle,minimal intervention,Sentence,unnecessary rewrite,clean prose loses voice,revision has no reader-problem rationale,Is the revision more than merely different?,retain original,Diagnose in context; apply the smallest supported change; run the semantic-preservation audit.,Use only when the observable signal causes the stated reader problem.,Marked form may be functional; consult the owning skill's exceptions.,"Mechanical application can change meaning, hierarchy, register, evidence, or voice.",A clean instance of the marked form should remain unchanged.,rhetorical heuristic,normative/case-supported; not universal empirical law,sentence-clarity,,False,,sentence-clarity/examples,sc-*,medium-high
WB-ETH-01,WB5,Joseph M. Williams; Joseph Bizup,Style: The Basics of Clarity and Grace,5th,The Ethics of Style,https://www.pearson.com/en-us/subject-catalog/p/style-the-basics-of-clarity-and-grace/P200000002141/9780134109749,ethical clarity,semantic and ethical fidelity,Document,meaning distortion,revision misstates evidence or responsibility,scope/certainty/agency changes,Did the edit preserve every protected proposition?,restore meaning or reject edit,Diagnose in context; apply the smallest supported change; run the semantic-preservation audit.,Use only when the observable signal causes the stated reader problem.,Marked form may be functional; consult the owning skill's exceptions.,"Mechanical application can change meaning, hierarchy, register, evidence, or voice.",A clean instance of the marked form should remain unchanged.,rhetorical heuristic,normative/case-supported; not universal empirical law,sentence-clarity,all skills,False,,,,medium
WB-COH-01,WB5,Joseph M. Williams; Joseph Bizup,Style: The Basics of Clarity and Grace,5th,Cohesion and Coherence/Global Coherence,https://www.pearson.com/en-us/subject-catalog/p/style-the-basics-of-clarity-and-grace/P200000002141/9780134109749,old information,accessible backward link,Paragraph,flow/coherence,reader cannot connect or rank propositions,opening lacks link to prior discourse,What backward relation and forward movement should the reader recover?,place accessible context/topic early,Diagnose in context; apply the smallest supported change; run the semantic-preservation audit.,Use only when the observable signal causes the stated reader problem.,Marked form may be functional; consult the owning skill's exceptions.,"Mechanical application can change meaning, hierarchy, register, evidence, or voice.",A clean instance of the marked form should remain unchanged.,rhetorical heuristic,normative/case-supported; not universal empirical law,cohesion-emphasis,,False,,,,medium
WB-COH-02,WB5,Joseph M. Williams; Joseph Bizup,Style: The Basics of Clarity and Grace,5th,Cohesion and Coherence/Global Coherence,https://www.pearson.com/en-us/subject-catalog/p/style-the-basics-of-clarity-and-grace/P200000002141/9780134109749,topic string,topic continuity,Paragraph,flow/coherence,reader cannot connect or rank propositions,sentence topics shift without a relation,What backward relation and forward movement should the reader recover?,"repeat, summarize, or explicitly bridge topics",Diagnose in context; apply the smallest supported change; run the semantic-preservation audit.,Use only when the observable signal causes the stated reader problem.,Marked form may be functional; consult the owning skill's exceptions.,"Mechanical application can change meaning, hierarchy, register, evidence, or voice.",A clean instance of the marked form should remain unchanged.,rhetorical heuristic,normative/case-supported; not universal empirical law,cohesion-emphasis,,False,,,,medium
WB-COH-03,WB5,Joseph M. Williams; Joseph Bizup,Style: The Basics of Clarity and Grace,5th,Cohesion and Coherence/Global Coherence,https://www.pearson.com/en-us/subject-catalog/p/style-the-basics-of-clarity-and-grace/P200000002141/9780134109749,cohesion,local connective flow,Paragraph,flow/coherence,reader cannot connect or rank propositions,references/lexical chains are ambiguous,What backward relation and forward movement should the reader recover?,repair referents and lexical links,Diagnose in context; apply the smallest supported change; run the semantic-preservation audit.,Use only when the observable signal causes the stated reader problem.,Marked form may be functional; consult the owning skill's exceptions.,"Mechanical application can change meaning, hierarchy, register, evidence, or voice.",A clean instance of the marked form should remain unchanged.,rhetorical heuristic,normative/case-supported; not universal empirical law,cohesion-emphasis,,False,,,,medium
WB-COH-04,WB5,Joseph M. Williams; Joseph Bizup,Style: The Basics of Clarity and Grace,5th,Cohesion and Coherence/Global Coherence,https://www.pearson.com/en-us/subject-catalog/p/style-the-basics-of-clarity-and-grace/P200000002141/9780134109749,coherence,recoverable paragraph logic,Paragraph,flow/coherence,reader cannot connect or rank propositions,sentences are locally clear but point/order is obscure,What backward relation and forward movement should the reader recover?,reorder or add missing premise,Diagnose in context; apply the smallest supported change; run the semantic-preservation audit.,Use only when the observable signal causes the stated reader problem.,Marked form may be functional; consult the owning skill's exceptions.,"Mechanical application can change meaning, hierarchy, register, evidence, or voice.",A clean instance of the marked form should remain unchanged.,rhetorical heuristic,normative/case-supported; not universal empirical law,cohesion-emphasis,,False,,,,medium
WB-COH-05,WB5,Joseph M. Williams; Joseph Bizup,Style: The Basics of Clarity and Grace,5th,Cohesion and Coherence/Global Coherence,https://www.pearson.com/en-us/subject-catalog/p/style-the-basics-of-clarity-and-grace/P200000002141/9780134109749,old before new,given-before-dependent-new,Paragraph,flow/coherence,reader cannot connect or rank propositions,new detail precedes interpretive context,What backward relation and forward movement should the reader recover?,move context before dependent novelty,Diagnose in context; apply the smallest supported change; run the semantic-preservation audit.,Use only when the observable signal causes the stated reader problem.,Marked form may be functional; consult the owning skill's exceptions.,"Mechanical application can change meaning, hierarchy, register, evidence, or voice.",A clean instance of the marked form should remain unchanged.,rhetorical heuristic,normative/case-supported; not universal empirical law,cohesion-emphasis,,False,,,,medium
WB-COH-06,WB5,Joseph M. Williams; Joseph Bizup,Style: The Basics of Clarity and Grace,5th,Cohesion and Coherence/Global Coherence,https://www.pearson.com/en-us/subject-catalog/p/style-the-basics-of-clarity-and-grace/P200000002141/9780134109749,transition,explicit logical relation,Paragraph,flow/coherence,reader cannot connect or rank propositions,transition labels unsupported logic,What backward relation and forward movement should the reader recover?,supply relation or remove transition,Diagnose in context; apply the smallest supported change; run the semantic-preservation audit.,Use only when the observable signal causes the stated reader problem.,Marked form may be functional; consult the owning skill's exceptions.,"Mechanical application can change meaning, hierarchy, register, evidence, or voice.",A clean instance of the marked form should remain unchanged.,rhetorical heuristic,normative/case-supported; not universal empirical law,cohesion-emphasis,,False,,,,medium
WB-COH-07,WB5,Joseph M. Williams; Joseph Bizup,Style: The Basics of Clarity and Grace,5th,Cohesion and Coherence/Global Coherence,https://www.pearson.com/en-us/subject-catalog/p/style-the-basics-of-clarity-and-grace/P200000002141/9780134109749,global coherence,document frame,Document,flow/coherence,reader cannot connect or rank propositions,reader lacks problem/point/order,What backward relation and forward movement should the reader recover?,"frame context, motivating problem, point, and forecast",Diagnose in context; apply the smallest supported change; run the semantic-preservation audit.,Use only when the observable signal causes the stated reader problem.,Marked form may be functional; consult the owning skill's exceptions.,"Mechanical application can change meaning, hierarchy, register, evidence, or voice.",A clean instance of the marked form should remain unchanged.,rhetorical heuristic,normative/case-supported; not universal empirical law,cohesion-emphasis,memo-structure,False,,,,medium
WB-COH-08,WB5,Joseph M. Williams; Joseph Bizup,Style: The Basics of Clarity and Grace,5th,Cohesion and Coherence/Global Coherence,https://www.pearson.com/en-us/subject-catalog/p/style-the-basics-of-clarity-and-grace/P200000002141/9780134109749,point,paragraph/document governing claim,Document,flow/coherence,reader cannot connect or rank propositions,unit has topics but no claim,What backward relation and forward movement should the reader recover?,state or recover governing claim,Diagnose in context; apply the smallest supported change; run the semantic-preservation audit.,Use only when the observable signal causes the stated reader problem.,Marked form may be functional; consult the owning skill's exceptions.,"Mechanical application can change meaning, hierarchy, register, evidence, or voice.",A clean instance of the marked form should remain unchanged.,rhetorical heuristic,normative/case-supported; not universal empirical law,cohesion-emphasis,memo-structure,False,,,,medium
WB-EMP-01,WB5,Joseph M. Williams; Joseph Bizup,Style: The Basics of Clarity and Grace,5th,Emphasis/Shape,https://www.pearson.com/en-us/subject-catalog/p/style-the-basics-of-clarity-and-grace/P200000002141/9780134109749,stress,syntactic closure emphasis,Sentence,buried emphasis,reader stresses/ranks wrong material,payoff sits in weak/intermediate position,Does structural prominence match substantive importance?,move payoff to a controlled closure,Diagnose in context; apply the smallest supported change; run the semantic-preservation audit.,Use only when the observable signal causes the stated reader problem.,Marked form may be functional; consult the owning skill's exceptions.,"Mechanical application can change meaning, hierarchy, register, evidence, or voice.",A clean instance of the marked form should remain unchanged.,rhetorical heuristic,normative/case-supported; not universal empirical law,cohesion-emphasis,sentence-variety,False,,,,medium
WB-EMP-02,WB5,Joseph M. Williams; Joseph Bizup,Style: The Basics of Clarity and Grace,5th,Emphasis/Shape,https://www.pearson.com/en-us/subject-catalog/p/style-the-basics-of-clarity-and-grace/P200000002141/9780134109749,end weight,late heavy constituent,Sentence,buried emphasis,reader stresses/ranks wrong material,heavy constituent overloads opening,Does structural prominence match substantive importance?,place longer material later when compatible,Diagnose in context; apply the smallest supported change; run the semantic-preservation audit.,Use only when the observable signal causes the stated reader problem.,Marked form may be functional; consult the owning skill's exceptions.,"Mechanical application can change meaning, hierarchy, register, evidence, or voice.",A clean instance of the marked form should remain unchanged.,rhetorical heuristic,normative/case-supported; not universal empirical law,cohesion-emphasis,sentence-variety,False,,,,medium
WB-EMP-03,WB5,Joseph M. Williams; Joseph Bizup,Style: The Basics of Clarity and Grace,5th,Emphasis/Shape,https://www.pearson.com/en-us/subject-catalog/p/style-the-basics-of-clarity-and-grace/P200000002141/9780134109749,new information,advancing material,Sentence,buried emphasis,reader stresses/ranks wrong material,sentence ends with already settled detail,Does structural prominence match substantive importance?,end with advancing information,Diagnose in context; apply the smallest supported change; run the semantic-preservation audit.,Use only when the observable signal causes the stated reader problem.,Marked form may be functional; consult the owning skill's exceptions.,"Mechanical application can change meaning, hierarchy, register, evidence, or voice.",A clean instance of the marked form should remain unchanged.,rhetorical heuristic,normative/case-supported; not universal empirical law,cohesion-emphasis,sentence-variety,False,,,,medium
WB-EMP-04,WB5,Joseph M. Williams; Joseph Bizup,Style: The Basics of Clarity and Grace,5th,Emphasis/Shape,https://www.pearson.com/en-us/subject-catalog/p/style-the-basics-of-clarity-and-grace/P200000002141/9780134109749,complexity,context-dependent complexity placement,Sentence,buried emphasis,reader stresses/ranks wrong material,technical detail precedes frame,Does structural prominence match substantive importance?,provide frame first,Diagnose in context; apply the smallest supported change; run the semantic-preservation audit.,Use only when the observable signal causes the stated reader problem.,Marked form may be functional; consult the owning skill's exceptions.,"Mechanical application can change meaning, hierarchy, register, evidence, or voice.",A clean instance of the marked form should remain unchanged.,rhetorical heuristic,normative/case-supported; not universal empirical law,cohesion-emphasis,sentence-variety,False,,,,medium
WB-EMP-05,WB5,Joseph M. Williams; Joseph Bizup,Style: The Basics of Clarity and Grace,5th,Emphasis/Shape,https://www.pearson.com/en-us/subject-catalog/p/style-the-basics-of-clarity-and-grace/P200000002141/9780134109749,emphasis,clause hierarchy,Sentence,buried emphasis,reader stresses/ranks wrong material,secondary grammar carries primary claim,Does structural prominence match substantive importance?,promote claim to main clause,Diagnose in context; apply the smallest supported change; run the semantic-preservation audit.,Use only when the observable signal causes the stated reader problem.,Marked form may be functional; consult the owning skill's exceptions.,"Mechanical application can change meaning, hierarchy, register, evidence, or voice.",A clean instance of the marked form should remain unchanged.,rhetorical heuristic,normative/case-supported; not universal empirical law,cohesion-emphasis,sentence-variety,False,,,,medium
WB-EMP-06,WB5,Joseph M. Williams; Joseph Bizup,Style: The Basics of Clarity and Grace,5th,Emphasis/Shape,https://www.pearson.com/en-us/subject-catalog/p/style-the-basics-of-clarity-and-grace/P200000002141/9780134109749,short ending,controlled final emphasis,Sentence,buried emphasis,reader stresses/ranks wrong material,several endings compete,Does structural prominence match substantive importance?,split or punctuate units to control closure,Diagnose in context; apply the smallest supported change; run the semantic-preservation audit.,Use only when the observable signal causes the stated reader problem.,Marked form may be functional; consult the owning skill's exceptions.,"Mechanical application can change meaning, hierarchy, register, evidence, or voice.",A clean instance of the marked form should remain unchanged.,rhetorical heuristic,normative/case-supported; not universal empirical law,cohesion-emphasis,sentence-variety,False,,,,medium
WB-CON-01,WB5,Joseph M. Williams; Joseph Bizup,Style: The Basics of Clarity and Grace,5th,Concision,https://www.pearson.com/en-us/subject-catalog/p/style-the-basics-of-clarity-and-grace/P200000002141/9780134109749,metadiscourse,genuine excess,Phrase,wordiness,reader spends effort without gaining function,frame comments do not orient/qualify,Can this be removed without changing protected meaning/function?,delete or state point,Diagnose in context; apply the smallest supported change; run the semantic-preservation audit.,Use only when the observable signal causes the stated reader problem.,retain useful navigation/stance,"Mechanical application can change meaning, hierarchy, register, evidence, or voice.",A clean instance of the marked form should remain unchanged.,rhetorical heuristic,normative/case-supported; not universal empirical law,concision,,False,,,,medium
WB-CON-02,WB5,Joseph M. Williams; Joseph Bizup,Style: The Basics of Clarity and Grace,5th,Concision,https://www.pearson.com/en-us/subject-catalog/p/style-the-basics-of-clarity-and-grace/P200000002141/9780134109749,redundancy,genuine excess,Phrase,wordiness,reader spends effort without gaining function,pair repeats same meaning,Can this be removed without changing protected meaning/function?,keep informative element,Diagnose in context; apply the smallest supported change; run the semantic-preservation audit.,Use only when the observable signal causes the stated reader problem.,retain conventional or safety repetition,"Mechanical application can change meaning, hierarchy, register, evidence, or voice.",A clean instance of the marked form should remain unchanged.,rhetorical heuristic,normative/case-supported; not universal empirical law,concision,,False,,,,medium
WB-CON-03,WB5,Joseph M. Williams; Joseph Bizup,Style: The Basics of Clarity and Grace,5th,Concision,https://www.pearson.com/en-us/subject-catalog/p/style-the-basics-of-clarity-and-grace/P200000002141/9780134109749,meaningless modifier,genuine excess,Phrase,wordiness,reader spends effort without gaining function,modifier adds no calibrated content,Can this be removed without changing protected meaning/function?,delete or specify,Diagnose in context; apply the smallest supported change; run the semantic-preservation audit.,Use only when the observable signal causes the stated reader problem.,retain defined technical modifiers,"Mechanical application can change meaning, hierarchy, register, evidence, or voice.",A clean instance of the marked form should remain unchanged.,rhetorical heuristic,normative/case-supported; not universal empirical law,concision,,False,,,,medium
WB-CON-04,WB5,Joseph M. Williams; Joseph Bizup,Style: The Basics of Clarity and Grace,5th,Concision,https://www.pearson.com/en-us/subject-catalog/p/style-the-basics-of-clarity-and-grace/P200000002141/9780134109749,repeated meaning,genuine excess,Phrase,wordiness,reader spends effort without gaining function,proposition recurs without function,Can this be removed without changing protected meaning/function?,consolidate,Diagnose in context; apply the smallest supported change; run the semantic-preservation audit.,Use only when the observable signal causes the stated reader problem.,retain cohesion/emphasis/learning repetition,"Mechanical application can change meaning, hierarchy, register, evidence, or voice.",A clean instance of the marked form should remain unchanged.,rhetorical heuristic,normative/case-supported; not universal empirical law,concision,,False,,,,medium
WB-CON-05,WB5,Joseph M. Williams; Joseph Bizup,Style: The Basics of Clarity and Grace,5th,Concision,https://www.pearson.com/en-us/subject-catalog/p/style-the-basics-of-clarity-and-grace/P200000002141/9780134109749,phrase for word,genuine excess,Phrase,wordiness,reader spends effort without gaining function,long phrase has precise transparent equivalent,Can this be removed without changing protected meaning/function?,compress,Diagnose in context; apply the smallest supported change; run the semantic-preservation audit.,Use only when the observable signal causes the stated reader problem.,avoid jargon substitution,"Mechanical application can change meaning, hierarchy, register, evidence, or voice.",A clean instance of the marked form should remain unchanged.,rhetorical heuristic,normative/case-supported; not universal empirical law,concision,,False,,,,medium
WB-CON-06,WB5,Joseph M. Williams; Joseph Bizup,Style: The Basics of Clarity and Grace,5th,Concision,https://www.pearson.com/en-us/subject-catalog/p/style-the-basics-of-clarity-and-grace/P200000002141/9780134109749,hedging/intensification,genuine excess,Phrase,wordiness,reader spends effort without gaining function,stack exceeds evidentiary need,Can this be removed without changing protected meaning/function?,calibrate,Diagnose in context; apply the smallest supported change; run the semantic-preservation audit.,Use only when the observable signal causes the stated reader problem.,preserve warranted uncertainty,"Mechanical application can change meaning, hierarchy, register, evidence, or voice.",A clean instance of the marked form should remain unchanged.,rhetorical heuristic,normative/case-supported; not universal empirical law,concision,,False,,,,medium
WB-CON-07,WB5,Joseph M. Williams; Joseph Bizup,Style: The Basics of Clarity and Grace,5th,Concision,https://www.pearson.com/en-us/subject-catalog/p/style-the-basics-of-clarity-and-grace/P200000002141/9780134109749,negative form,genuine excess,Phrase,wordiness,reader spends effort without gaining function,negative circumlocution adds work,Can this be removed without changing protected meaning/function?,state affirmative when exact,Diagnose in context; apply the smallest supported change; run the semantic-preservation audit.,Use only when the observable signal causes the stated reader problem.,"keep prohibitions, contrast, absence","Mechanical application can change meaning, hierarchy, register, evidence, or voice.",A clean instance of the marked form should remain unchanged.,rhetorical heuristic,normative/case-supported; not universal empirical law,concision,,False,,,,medium
WB-CON-08,WB5,Joseph M. Williams; Joseph Bizup,Style: The Basics of Clarity and Grace,5th,Concision,https://www.pearson.com/en-us/subject-catalog/p/style-the-basics-of-clarity-and-grace/P200000002141/9780134109749,terseness,genuine excess,Phrase,wordiness,reader spends effort without gaining function,cutting makes prose harder,Can this be removed without changing protected meaning/function?,restore enough context/rhythm,Diagnose in context; apply the smallest supported change; run the semantic-preservation audit.,Use only when the observable signal causes the stated reader problem.,longer can be more concise in reader effort,"Mechanical application can change meaning, hierarchy, register, evidence, or voice.",A clean instance of the marked form should remain unchanged.,rhetorical heuristic,normative/case-supported; not universal empirical law,concision,,False,,,,medium
WB-UNDER-01,WB5,Joseph M. Williams; Joseph Bizup,Style: The Basics of Clarity and Grace,5th,Understanding Style,https://www.pearson.com/en-us/subject-catalog/p/style-the-basics-of-clarity-and-grace/P200000002141/9780134109749,choice,style as reader-oriented choice,Sentence,form-purpose mismatch,syntax does not express relationship,form/rhythm conflicts with rhetorical job,What relationship should the syntax make perceptible?,select least marked fitting form,Diagnose in context; apply the smallest supported change; run the semantic-preservation audit.,Use only when the observable signal causes the stated reader problem.,Marked form may be functional; consult the owning skill's exceptions.,"Mechanical application can change meaning, hierarchy, register, evidence, or voice.",A clean instance of the marked form should remain unchanged.,rhetorical heuristic,normative/case-supported; not universal empirical law,shared-reference,,False,,,,low-medium
WB-SHP-01,WB5,Joseph M. Williams; Joseph Bizup,Style: The Basics of Clarity and Grace,5th,Shape,https://www.pearson.com/en-us/subject-catalog/p/style-the-basics-of-clarity-and-grace/P200000002141/9780134109749,resumptive/summative/free modifier,controlled sentence expansion,Sentence,form-purpose mismatch,syntax does not express relationship,form/rhythm conflicts with rhetorical job,What relationship should the syntax make perceptible?,select least marked fitting form,Diagnose in context; apply the smallest supported change; run the semantic-preservation audit.,Use only when the observable signal causes the stated reader problem.,Marked form may be functional; consult the owning skill's exceptions.,"Mechanical application can change meaning, hierarchy, register, evidence, or voice.",A clean instance of the marked form should remain unchanged.,rhetorical heuristic,normative/case-supported; not universal empirical law,sentence-variety,,False,,,,low-medium
WB-SHP-02,WB5,Joseph M. Williams; Joseph Bizup,Style: The Basics of Clarity and Grace,5th,Shape,https://www.pearson.com/en-us/subject-catalog/p/style-the-basics-of-clarity-and-grace/P200000002141/9780134109749,coordination,equal logical relation,Sentence,form-purpose mismatch,syntax does not express relationship,form/rhythm conflicts with rhetorical job,What relationship should the syntax make perceptible?,select least marked fitting form,Diagnose in context; apply the smallest supported change; run the semantic-preservation audit.,Use only when the observable signal causes the stated reader problem.,Marked form may be functional; consult the owning skill's exceptions.,"Mechanical application can change meaning, hierarchy, register, evidence, or voice.",A clean instance of the marked form should remain unchanged.,rhetorical heuristic,normative/case-supported; not universal empirical law,sentence-variety,,False,,,,low-medium
WB-ELG-01,WB5,Joseph M. Williams; Joseph Bizup,Style: The Basics of Clarity and Grace,5th,Elegance,https://www.pearson.com/en-us/subject-catalog/p/style-the-basics-of-clarity-and-grace/P200000002141/9780134109749,balance and parallelism,purposeful symmetry,Sentence,form-purpose mismatch,syntax does not express relationship,form/rhythm conflicts with rhetorical job,What relationship should the syntax make perceptible?,select least marked fitting form,Diagnose in context; apply the smallest supported change; run the semantic-preservation audit.,Use only when the observable signal causes the stated reader problem.,Marked form may be functional; consult the owning skill's exceptions.,"Mechanical application can change meaning, hierarchy, register, evidence, or voice.",A clean instance of the marked form should remain unchanged.,rhetorical heuristic,normative/case-supported; not universal empirical law,sentence-variety,,False,,,,low-medium
WB-ELG-02,WB5,Joseph M. Williams; Joseph Bizup,Style: The Basics of Clarity and Grace,5th,Elegance,https://www.pearson.com/en-us/subject-catalog/p/style-the-basics-of-clarity-and-grace/P200000002141/9780134109749,rhythm,audible syntactic movement,Sentence,form-purpose mismatch,syntax does not express relationship,form/rhythm conflicts with rhetorical job,What relationship should the syntax make perceptible?,select least marked fitting form,Diagnose in context; apply the smallest supported change; run the semantic-preservation audit.,Use only when the observable signal causes the stated reader problem.,Marked form may be functional; consult the owning skill's exceptions.,"Mechanical application can change meaning, hierarchy, register, evidence, or voice.",A clean instance of the marked form should remain unchanged.,rhetorical heuristic,normative/case-supported; not universal empirical law,sentence-variety,,False,,,,low-medium
WB-ELG-03,WB5,Joseph M. Williams; Joseph Bizup,Style: The Basics of Clarity and Grace,5th,Elegance,https://www.pearson.com/en-us/subject-catalog/p/style-the-basics-of-clarity-and-grace/P200000002141/9780134109749,suspension,controlled periodic emphasis,Sentence,form-purpose mismatch,syntax does not express relationship,form/rhythm conflicts with rhetorical job,What relationship should the syntax make perceptible?,select least marked fitting form,Diagnose in context; apply the smallest supported change; run the semantic-preservation audit.,Use only when the observable signal causes the stated reader problem.,Marked form may be functional; consult the owning skill's exceptions.,"Mechanical application can change meaning, hierarchy, register, evidence, or voice.",A clean instance of the marked form should remain unchanged.,rhetorical heuristic,normative/case-supported; not universal empirical law,sentence-variety,,False,,,,low-medium
LAN-PM-01,LAN5,Richard A. Lanham,Revising Prose,5th,Action/Attention/Voice,Pinto review: Action p.14; Attention p.34; Voice p.42; lard formula review p.4,circle prepositions,preposition-chain scan,Sentence,official-style wordiness,reader attention is consumed by verbal padding,many prepositional relations delay kernel,Does the marked material add protected meaning or function?,mark and assess each relation,Diagnose in context; apply the smallest supported change; run the semantic-preservation audit.,Use only when the observable signal causes the stated reader problem.,Marked form may be functional; consult the owning skill's exceptions.,"Mechanical application can change meaning, hierarchy, register, evidence, or voice.",A clean instance of the marked form should remain unchanged.,rhetorical heuristic,normative/case-supported; not universal empirical law,concision,sentence-clarity,False,,,,medium-high
LAN-PM-02,LAN5,Richard A. Lanham,Revising Prose,5th,Action/Attention/Voice,Pinto review: Action p.14; Attention p.34; Voice p.42; lard formula review p.4,circle is,copular/light-verb scan,Sentence,official-style wordiness,reader attention is consumed by verbal padding,copular frame may carry hidden action,Does the marked material add protected meaning or function?,mark and distinguish state from padding,Diagnose in context; apply the smallest supported change; run the semantic-preservation audit.,Use only when the observable signal causes the stated reader problem.,Marked form may be functional; consult the owning skill's exceptions.,"Mechanical application can change meaning, hierarchy, register, evidence, or voice.",A clean instance of the marked form should remain unchanged.,rhetorical heuristic,normative/case-supported; not universal empirical law,concision,sentence-clarity,False,,,,medium-high
LAN-PM-03,LAN5,Richard A. Lanham,Revising Prose,5th,Action/Attention/Voice,Pinto review: Action p.14; Attention p.34; Voice p.42; lard formula review p.4,who's kicking whom,recover actor/action,Sentence,official-style wordiness,reader attention is consumed by verbal padding,action and actor are obscured,Does the marked material add protected meaning or function?,identify supported actor/action,Diagnose in context; apply the smallest supported change; run the semantic-preservation audit.,Use only when the observable signal causes the stated reader problem.,Marked form may be functional; consult the owning skill's exceptions.,"Mechanical application can change meaning, hierarchy, register, evidence, or voice.",A clean instance of the marked form should remain unchanged.,rhetorical heuristic,normative/case-supported; not universal empirical law,concision,sentence-clarity,False,,,,medium-high
LAN-PM-04,LAN5,Richard A. Lanham,Revising Prose,5th,Action/Attention/Voice,Pinto review: Action p.14; Attention p.34; Voice p.42; lard formula review p.4,simple active verb,direct action candidate,Sentence,official-style wordiness,reader attention is consumed by verbal padding,action remains nominal/compound,Does the marked material add protected meaning or function?,test a simple finite verb,Diagnose in context; apply the smallest supported change; run the semantic-preservation audit.,Use only when the observable signal causes the stated reader problem.,Marked form may be functional; consult the owning skill's exceptions.,"Mechanical application can change meaning, hierarchy, register, evidence, or voice.",A clean instance of the marked form should remain unchanged.,rhetorical heuristic,normative/case-supported; not universal empirical law,concision,sentence-clarity,False,,,,medium-high
LAN-PM-05,LAN5,Richard A. Lanham,Revising Prose,5th,Action/Attention/Voice,Pinto review: Action p.14; Attention p.34; Voice p.42; lard formula review p.4,start fast,windup removal,Sentence,official-style wordiness,reader attention is consumed by verbal padding,empty opening delays clause,Does the marked material add protected meaning or function?,cut or move opening,Diagnose in context; apply the smallest supported change; run the semantic-preservation audit.,Use only when the observable signal causes the stated reader problem.,Marked form may be functional; consult the owning skill's exceptions.,"Mechanical application can change meaning, hierarchy, register, evidence, or voice.",A clean instance of the marked form should remain unchanged.,rhetorical heuristic,normative/case-supported; not universal empirical law,concision,sentence-clarity,False,,,,medium-high
LAN-PM-06,LAN5,Richard A. Lanham,Revising Prose,5th,Action/Attention/Voice,Pinto review: Action p.14; Attention p.34; Voice p.42; lard formula review p.4,read aloud,attention/rhythm audit,Sentence,official-style wordiness,reader attention is consumed by verbal padding,revision sounds telegraphic or mis-emphasized,Does the marked material add protected meaning or function?,read with intended feeling,Diagnose in context; apply the smallest supported change; run the semantic-preservation audit.,Use only when the observable signal causes the stated reader problem.,Marked form may be functional; consult the owning skill's exceptions.,"Mechanical application can change meaning, hierarchy, register, evidence, or voice.",A clean instance of the marked form should remain unchanged.,rhetorical heuristic,normative/case-supported; not universal empirical law,concision,sentence-variety,False,,,,medium-high
LAN-PM-07,LAN5,Richard A. Lanham,Revising Prose,5th,Action/Attention/Voice,Pinto review: Action p.14; Attention p.34; Voice p.42; lard formula review p.4,rhythmic units,rhythm-unit map,Sentence,official-style wordiness,reader attention is consumed by verbal padding,cadence is monotonous or uncontrolled,Does the marked material add protected meaning or function?,mark units and repair,Diagnose in context; apply the smallest supported change; run the semantic-preservation audit.,Use only when the observable signal causes the stated reader problem.,Marked form may be functional; consult the owning skill's exceptions.,"Mechanical application can change meaning, hierarchy, register, evidence, or voice.",A clean instance of the marked form should remain unchanged.,rhetorical heuristic,normative/case-supported; not universal empirical law,concision,sentence-variety,False,,,,medium-high
LAN-PM-08,LAN5,Richard A. Lanham,Revising Prose,5th,Action/Attention/Voice,Pinto review: Action p.14; Attention p.34; Voice p.42; lard formula review p.4,sentence lengths,length-pattern map,Sentence,official-style wordiness,reader attention is consumed by verbal padding,length pattern reinforces monotony,Does the marked material add protected meaning or function?,mark lengths as secondary evidence,Diagnose in context; apply the smallest supported change; run the semantic-preservation audit.,Use only when the observable signal causes the stated reader problem.,Marked form may be functional; consult the owning skill's exceptions.,"Mechanical application can change meaning, hierarchy, register, evidence, or voice.",A clean instance of the marked form should remain unchanged.,rhetorical heuristic,normative/case-supported; not universal empirical law,concision,sentence-variety,False,,,,medium-high
LAN-PM-09,LAN5,Richard A. Lanham,Revising Prose,5th,Action/Attention/Voice,Pinto review: Action p.14; Attention p.34; Voice p.42; lard formula review p.4,lard factor,compression statistic,Sentence,official-style wordiness,reader attention is consumed by verbal padding,word savings are unmeasured,Does the marked material add protected meaning or function?,calculate descriptive percentage,Diagnose in context; apply the smallest supported change; run the semantic-preservation audit.,Use only when the observable signal causes the stated reader problem.,Marked form may be functional; consult the owning skill's exceptions.,"Mechanical application can change meaning, hierarchy, register, evidence, or voice.",A clean instance of the marked form should remain unchanged.,rhetorical heuristic,normative/case-supported; not universal empirical law,concision,sentence-clarity,False,,,,medium-high
LAN-PM-10,LAN5,Richard A. Lanham,Revising Prose,5th,Action/Attention/Voice,Pinto review: Action p.14; Attention p.34; Voice p.42; lard formula review p.4,final reconstruction,post-cut repair,Sentence,official-style wordiness,reader attention is consumed by verbal padding,deletion leaves grammar/meaning/voice damage,Does the marked material add protected meaning or function?,rebuild and preserve,Diagnose in context; apply the smallest supported change; run the semantic-preservation audit.,Use only when the observable signal causes the stated reader problem.,Marked form may be functional; consult the owning skill's exceptions.,"Mechanical application can change meaning, hierarchy, register, evidence, or voice.",A clean instance of the marked form should remain unchanged.,rhetorical heuristic,normative/case-supported; not universal empirical law,concision,sentence-clarity,False,,,,medium-high
LAN-OFF-01,LAN5,Richard A. Lanham,Revising Prose,5th,Skotison/Business/Professional Prose,https://www.pearson.com/en-us/subject-catalog/p/revising-prose/P200000002251/9780321441690,Official Style,institutional padding,Sentence,official prose,"action, actor, or point is obscured",institutional prestige style hides action,Does this phrasing add precision or merely institutional distance?,translate into direct accountable prose,Diagnose in context; apply the smallest supported change; run the semantic-preservation audit.,Use only when the observable signal causes the stated reader problem.,Marked form may be functional; consult the owning skill's exceptions.,"Mechanical application can change meaning, hierarchy, register, evidence, or voice.",A clean instance of the marked form should remain unchanged.,rhetorical heuristic,normative/case-supported; not universal empirical law,concision,,False,,,,medium
LAN-OFF-02,LAN5,Richard A. Lanham,Revising Prose,5th,Skotison/Business/Professional Prose,https://www.pearson.com/en-us/subject-catalog/p/revising-prose/P200000002251/9780321441690,slow windup,institutional padding,Sentence,official prose,"action, actor, or point is obscured",introductory frame delays point,Does this phrasing add precision or merely institutional distance?,start with content,Diagnose in context; apply the smallest supported change; run the semantic-preservation audit.,Use only when the observable signal causes the stated reader problem.,Marked form may be functional; consult the owning skill's exceptions.,"Mechanical application can change meaning, hierarchy, register, evidence, or voice.",A clean instance of the marked form should remain unchanged.,rhetorical heuristic,normative/case-supported; not universal empirical law,concision,,False,,,,medium
LAN-OFF-03,LAN5,Richard A. Lanham,Revising Prose,5th,Skotison/Business/Professional Prose,https://www.pearson.com/en-us/subject-catalog/p/revising-prose/P200000002251/9780321441690,Skotison,institutional padding,Sentence,official prose,"action, actor, or point is obscured",obscurity appears intentional,Does this phrasing add precision or merely institutional distance?,surface purpose and ethical stakes,Diagnose in context; apply the smallest supported change; run the semantic-preservation audit.,Use only when the observable signal causes the stated reader problem.,Marked form may be functional; consult the owning skill's exceptions.,"Mechanical application can change meaning, hierarchy, register, evidence, or voice.",A clean instance of the marked form should remain unchanged.,rhetorical heuristic,normative/case-supported; not universal empirical law,concision,,False,,,,medium
LAN-OFF-04,LAN5,Richard A. Lanham,Revising Prose,5th,Skotison/Business/Professional Prose,https://www.pearson.com/en-us/subject-catalog/p/revising-prose/P200000002251/9780321441690,professional jargon,institutional padding,Sentence,official prose,"action, actor, or point is obscured",discipline-licensed phrasing excludes without precision,Does this phrasing add precision or merely institutional distance?,retain terms; cut status padding,Diagnose in context; apply the smallest supported change; run the semantic-preservation audit.,Use only when the observable signal causes the stated reader problem.,Marked form may be functional; consult the owning skill's exceptions.,"Mechanical application can change meaning, hierarchy, register, evidence, or voice.",A clean instance of the marked form should remain unchanged.,rhetorical heuristic,normative/case-supported; not universal empirical law,concision,,False,,,,medium
LAN-ATT-01,LAN5,Richard A. Lanham,Revising Prose,5th,Attention,https://www.pearson.com/en-us/subject-catalog/p/revising-prose/P200000002251/9780321441690,reader attention,reader attention,Sentence,method limit,mechanical editing displaces judgment,editor treats method as complete theory,What additional context or voice check is required?,"apply as diagnostic pedagogy, not total composition system",Diagnose in context; apply the smallest supported change; run the semantic-preservation audit.,Use only when the observable signal causes the stated reader problem.,Marked form may be functional; consult the owning skill's exceptions.,"Mechanical application can change meaning, hierarchy, register, evidence, or voice.",A clean instance of the marked form should remain unchanged.,rhetorical heuristic,normative/case-supported; not universal empirical law,concision,,False,,,,medium
LAN-VOICE-01,LAN5,Richard A. Lanham,Revising Prose,5th,Voice,https://www.pearson.com/en-us/subject-catalog/p/revising-prose/P200000002251/9780321441690,rhythm after cutting,rhythm after cutting,Sentence,method limit,mechanical editing displaces judgment,editor treats method as complete theory,What additional context or voice check is required?,"apply as diagnostic pedagogy, not total composition system",Diagnose in context; apply the smallest supported change; run the semantic-preservation audit.,Use only when the observable signal causes the stated reader problem.,Marked form may be functional; consult the owning skill's exceptions.,"Mechanical application can change meaning, hierarchy, register, evidence, or voice.",A clean instance of the marked form should remain unchanged.,rhetorical heuristic,normative/case-supported; not universal empirical law,sentence-variety,,False,,,,medium
LAN-ELEC-01,LAN5,Richard A. Lanham,Revising Prose,5th,Electronic Prose,https://www.pearson.com/en-us/subject-catalog/p/revising-prose/P200000002251/9780321441690,iterative visual revision,iterative visual revision,Sentence,method limit,mechanical editing displaces judgment,editor treats method as complete theory,What additional context or voice check is required?,"apply as diagnostic pedagogy, not total composition system",Diagnose in context; apply the smallest supported change; run the semantic-preservation audit.,Use only when the observable signal causes the stated reader problem.,Marked form may be functional; consult the owning skill's exceptions.,"Mechanical application can change meaning, hierarchy, register, evidence, or voice.",A clean instance of the marked form should remain unchanged.,rhetorical heuristic,normative/case-supported; not universal empirical law,reference-only,,True,,,,medium
LAN-WHY-01,LAN5,Richard A. Lanham,Revising Prose,5th,Why Bother?,https://www.pearson.com/en-us/subject-catalog/p/revising-prose/P200000002251/9780321441690,method as beginning,method as beginning,Sentence,method limit,mechanical editing displaces judgment,editor treats method as complete theory,What additional context or voice check is required?,"apply as diagnostic pedagogy, not total composition system",Diagnose in context; apply the smallest supported change; run the semantic-preservation audit.,Use only when the observable signal causes the stated reader problem.,Marked form may be functional; consult the owning skill's exceptions.,"Mechanical application can change meaning, hierarchy, register, evidence, or voice.",A clean instance of the marked form should remain unchanged.,rhetorical heuristic,normative/case-supported; not universal empirical law,reference-only,,True,,,,medium
GS-RE-01,GS90,George D. Gopen; Judith A. Swan,The Science of Scientific Writing,American Scientist 78.6,full article,"American Scientist 78.6 (1990), 550–558",structural expectations,structural role cue,Sentence,reader-expectation mismatch,material's role is misread,material's role is misread,What role/link/emphasis should this structural position signal?,place it in a fitting structural unit,Diagnose in context; apply the smallest supported change; run the semantic-preservation audit.,Use only when the observable signal causes the stated reader problem.,Marked form may be functional; consult the owning skill's exceptions.,"Mechanical application can change meaning, hierarchy, register, evidence, or voice.",A clean instance of the marked form should remain unchanged.,rhetorical case analysis,full article inspected; no controlled experiment; components have independent support,cohesion-emphasis,,False,,,,high source/medium generalization
GS-RE-02,GS90,George D. Gopen; Judith A. Swan,The Science of Scientific Writing,American Scientist 78.6,full article,"American Scientist 78.6 (1990), 550–558",subject-verb expectation,subject–verb proximity,Sentence,reader-expectation mismatch,interruption burdens dependency,interruption burdens dependency,What role/link/emphasis should this structural position signal?,move/shorten/promote interruption,Diagnose in context; apply the smallest supported change; run the semantic-preservation audit.,Use only when the observable signal causes the stated reader problem.,Marked form may be functional; consult the owning skill's exceptions.,"Mechanical application can change meaning, hierarchy, register, evidence, or voice.",A clean instance of the marked form should remain unchanged.,rhetorical case analysis,full article inspected; no controlled experiment; components have independent support,cohesion-emphasis,,False,,,,high source/medium generalization
GS-RE-03,GS90,George D. Gopen; Judith A. Swan,The Science of Scientific Writing,American Scientist 78.6,full article,"American Scientist 78.6 (1990), 550–558",stress position,closure emphasis,Sentence,reader-expectation mismatch,reader emphasizes wrong material,reader emphasizes wrong material,What role/link/emphasis should this structural position signal?,place payoff at controlled closure,Diagnose in context; apply the smallest supported change; run the semantic-preservation audit.,Use only when the observable signal causes the stated reader problem.,Marked form may be functional; consult the owning skill's exceptions.,"Mechanical application can change meaning, hierarchy, register, evidence, or voice.",A clean instance of the marked form should remain unchanged.,rhetorical case analysis,full article inspected; no controlled experiment; components have independent support,cohesion-emphasis,,False,,,,high source/medium generalization
GS-RE-04,GS90,George D. Gopen; Judith A. Swan,The Science of Scientific Writing,American Scientist 78.6,full article,"American Scientist 78.6 (1990), 550–558",topic position,opening anchor,Sentence,reader-expectation mismatch,reader lacks backward link/context,reader lacks backward link/context,What role/link/emphasis should this structural position signal?,open with accessible topic/context,Diagnose in context; apply the smallest supported change; run the semantic-preservation audit.,Use only when the observable signal causes the stated reader problem.,Marked form may be functional; consult the owning skill's exceptions.,"Mechanical application can change meaning, hierarchy, register, evidence, or voice.",A clean instance of the marked form should remain unchanged.,rhetorical case analysis,full article inspected; no controlled experiment; components have independent support,cohesion-emphasis,,False,,,,high source/medium generalization
GS-RE-05,GS90,George D. Gopen; Judith A. Swan,The Science of Scientific Writing,American Scientist 78.6,full article,"American Scientist 78.6 (1990), 550–558",old information,backward-linking given,Sentence,reader-expectation mismatch,sentence does not link backward,sentence does not link backward,What role/link/emphasis should this structural position signal?,put accessible link early,Diagnose in context; apply the smallest supported change; run the semantic-preservation audit.,Use only when the observable signal causes the stated reader problem.,Marked form may be functional; consult the owning skill's exceptions.,"Mechanical application can change meaning, hierarchy, register, evidence, or voice.",A clean instance of the marked form should remain unchanged.,rhetorical case analysis,full article inspected; no controlled experiment; components have independent support,cohesion-emphasis,,False,,,,high source/medium generalization
GS-RE-06,GS90,George D. Gopen; Judith A. Swan,The Science of Scientific Writing,American Scientist 78.6,full article,"American Scientist 78.6 (1990), 550–558",new information,advancing information,Sentence,reader-expectation mismatch,new detail lacks context or emphasis,new detail lacks context or emphasis,What role/link/emphasis should this structural position signal?,contextualize then place for stress,Diagnose in context; apply the smallest supported change; run the semantic-preservation audit.,Use only when the observable signal causes the stated reader problem.,Marked form may be functional; consult the owning skill's exceptions.,"Mechanical application can change meaning, hierarchy, register, evidence, or voice.",A clean instance of the marked form should remain unchanged.,rhetorical case analysis,full article inspected; no controlled experiment; components have independent support,cohesion-emphasis,,False,,,,high source/medium generalization
GS-RE-07,GS90,George D. Gopen; Judith A. Swan,The Science of Scientific Writing,American Scientist 78.6,full article,"American Scientist 78.6 (1990), 550–558",action in verb,main-clause action,Sentence,reader-expectation mismatch,action is structurally secondary,action is structurally secondary,What role/link/emphasis should this structural position signal?,promote action to main verb,Diagnose in context; apply the smallest supported change; run the semantic-preservation audit.,Use only when the observable signal causes the stated reader problem.,Marked form may be functional; consult the owning skill's exceptions.,"Mechanical application can change meaning, hierarchy, register, evidence, or voice.",A clean instance of the marked form should remain unchanged.,rhetorical case analysis,full article inspected; no controlled experiment; components have independent support,cohesion-emphasis,,False,,,,high source/medium generalization
GS-RE-08,GS90,George D. Gopen; Judith A. Swan,The Science of Scientific Writing,American Scientist 78.6,full article,"American Scientist 78.6 (1990), 550–558",context before new,interpretive frame,Sentence,reader-expectation mismatch,technical detail arrives uninterpreted,technical detail arrives uninterpreted,What role/link/emphasis should this structural position signal?,supply context first,Diagnose in context; apply the smallest supported change; run the semantic-preservation audit.,Use only when the observable signal causes the stated reader problem.,Marked form may be functional; consult the owning skill's exceptions.,"Mechanical application can change meaning, hierarchy, register, evidence, or voice.",A clean instance of the marked form should remain unchanged.,rhetorical case analysis,full article inspected; no controlled experiment; components have independent support,cohesion-emphasis,,False,,,,high source/medium generalization
GS-RE-09,GS90,George D. Gopen; Judith A. Swan,The Science of Scientific Writing,American Scientist 78.6,full article,"American Scientist 78.6 (1990), 550–558",topic string,paragraph topic continuity,Paragraph,reader-expectation mismatch,topics shift without bridge,topics shift without bridge,What role/link/emphasis should this structural position signal?,relate consecutive topics,Diagnose in context; apply the smallest supported change; run the semantic-preservation audit.,Use only when the observable signal causes the stated reader problem.,Marked form may be functional; consult the owning skill's exceptions.,"Mechanical application can change meaning, hierarchy, register, evidence, or voice.",A clean instance of the marked form should remain unchanged.,rhetorical case analysis,full article inspected; no controlled experiment; components have independent support,cohesion-emphasis,,False,,,,high source/medium generalization
GS-RE-10,GS90,George D. Gopen; Judith A. Swan,The Science of Scientific Writing,American Scientist 78.6,full article,"American Scientist 78.6 (1990), 550–558",principles not rules,heuristic override,Sentence,reader-expectation mismatch,mechanical edit conflicts with purpose,mechanical edit conflicts with purpose,What role/link/emphasis should this structural position signal?,allow deliberate exception,Diagnose in context; apply the smallest supported change; run the semantic-preservation audit.,Use only when the observable signal causes the stated reader problem.,Marked form may be functional; consult the owning skill's exceptions.,"Mechanical application can change meaning, hierarchy, register, evidence, or voice.",A clean instance of the marked form should remain unchanged.,rhetorical case analysis,full article inspected; no controlled experiment; components have independent support,cohesion-emphasis,,False,,,,high source/medium generalization
TUF-ORG-01,TUF,Virginia Tufte,Artful Sentences: Syntax as Style,1st/only substantiated,entire organization,https://archive.org/details/artfulsentencess0000tuft,syntax as style,purpose-driven syntactic repertoire,Sentence,form-purpose mismatch,prose is flat or relationships are obscured,same architecture repeats without rhetorical function,What rhetorical job should change?,choose a syntactic form by function,Diagnose in context; apply the smallest supported change; run the semantic-preservation audit.,Use only when the observable signal causes the stated reader problem.,Marked form may be functional; consult the owning skill's exceptions.,"Mechanical application can change meaning, hierarchy, register, evidence, or voice.",A clean instance of the marked form should remain unchanged.,rhetorical heuristic,normative/case-supported; not universal empirical law,sentence-variety,,False,,,,medium
TUF-SHORT-01,TUF,Virginia Tufte,Artful Sentences: Syntax as Style,1st/only substantiated,Short Sentences,https://archive.org/details/artfulsentencess0000tuft,short sentence,purposeful short unit,Sentence,choppiness,related ideas appear falsely equal/disconnected,series of short independent clauses,Does separation create contrast/closure or merely chop?,combine or retain by purpose,Diagnose in context; apply the smallest supported change; run the semantic-preservation audit.,Use only when the observable signal causes the stated reader problem.,Marked form may be functional; consult the owning skill's exceptions.,"Mechanical application can change meaning, hierarchy, register, evidence, or voice.",A clean instance of the marked form should remain unchanged.,rhetorical heuristic,normative/case-supported; not universal empirical law,sentence-variety,,False,,,,low-medium
TUF-BR-01,TUF,Virginia Tufte,Artful Sentences: Syntax as Style,1st/only substantiated,Free Modifiers: Branching Sentences,https://archive.org/details/artfulsentencess0000tuft,branching sentence,left-branching,Sentence,uncontrolled branching,reader loses kernel/attachment,branch direction or modifier attachment conflicts with purpose,Can the reader recover kernel and modifier relation?,"reorder, bound, split, or retain controlled branch",Diagnose in context; apply the smallest supported change; run the semantic-preservation audit.,Use only when the observable signal causes the stated reader problem.,Marked form may be functional; consult the owning skill's exceptions.,"Mechanical application can change meaning, hierarchy, register, evidence, or voice.",A clean instance of the marked form should remain unchanged.,rhetorical heuristic,normative/case-supported; not universal empirical law,sentence-variety,,False,,,,low-medium
TUF-BR-02,TUF,Virginia Tufte,Artful Sentences: Syntax as Style,1st/only substantiated,Free Modifiers: Branching Sentences,https://archive.org/details/artfulsentencess0000tuft,branching sentence,right-branching,Sentence,uncontrolled branching,reader loses kernel/attachment,branch direction or modifier attachment conflicts with purpose,Can the reader recover kernel and modifier relation?,"reorder, bound, split, or retain controlled branch",Diagnose in context; apply the smallest supported change; run the semantic-preservation audit.,Use only when the observable signal causes the stated reader problem.,Marked form may be functional; consult the owning skill's exceptions.,"Mechanical application can change meaning, hierarchy, register, evidence, or voice.",A clean instance of the marked form should remain unchanged.,rhetorical heuristic,normative/case-supported; not universal empirical law,sentence-variety,,False,,,,low-medium
TUF-BR-03,TUF,Virginia Tufte,Artful Sentences: Syntax as Style,1st/only substantiated,Free Modifiers: Branching Sentences,https://archive.org/details/artfulsentencess0000tuft,branching sentence,mid-branching,Sentence,uncontrolled branching,reader loses kernel/attachment,branch direction or modifier attachment conflicts with purpose,Can the reader recover kernel and modifier relation?,"reorder, bound, split, or retain controlled branch",Diagnose in context; apply the smallest supported change; run the semantic-preservation audit.,Use only when the observable signal causes the stated reader problem.,Marked form may be functional; consult the owning skill's exceptions.,"Mechanical application can change meaning, hierarchy, register, evidence, or voice.",A clean instance of the marked form should remain unchanged.,rhetorical heuristic,normative/case-supported; not universal empirical law,sentence-variety,,False,,,,low-medium
TUF-BR-04,TUF,Virginia Tufte,Artful Sentences: Syntax as Style,1st/only substantiated,Free Modifiers: Branching Sentences,https://archive.org/details/artfulsentencess0000tuft,branching sentence,free-modifier control,Sentence,uncontrolled branching,reader loses kernel/attachment,branch direction or modifier attachment conflicts with purpose,Can the reader recover kernel and modifier relation?,"reorder, bound, split, or retain controlled branch",Diagnose in context; apply the smallest supported change; run the semantic-preservation audit.,Use only when the observable signal causes the stated reader problem.,Marked form may be functional; consult the owning skill's exceptions.,"Mechanical application can change meaning, hierarchy, register, evidence, or voice.",A clean instance of the marked form should remain unchanged.,rhetorical heuristic,normative/case-supported; not universal empirical law,sentence-variety,,False,,,,low-medium
TUF-CAT-01,TUF,Virginia Tufte,Artful Sentences: Syntax as Style,1st/only substantiated,visible chapter taxonomy/derived catalog,https://archive.org/details/artfulsentencess0000tuft,noun phrase,noun phrase,Sentence,form-purpose mismatch,syntax obscures relation or becomes monotonous,"noun phrase is repeated, misattached, or rhetorically unmotivated",What relation or emphasis would this form express?,select/repair only for a named rhetorical purpose,Diagnose in context; apply the smallest supported change; run the semantic-preservation audit.,Use only when the observable signal causes the stated reader problem.,Marked form may be functional; consult the owning skill's exceptions.,"Mechanical application can change meaning, hierarchy, register, evidence, or voice.",A clean instance of the marked form should remain unchanged.,rhetorical heuristic,chapter provenance partial; grammatical elaboration marked derived,sentence-variety,,False,,,,low-medium
TUF-CAT-02,TUF,Virginia Tufte,Artful Sentences: Syntax as Style,1st/only substantiated,visible chapter taxonomy/derived catalog,https://archive.org/details/artfulsentencess0000tuft,verb phrase,verb phrase,Sentence,form-purpose mismatch,syntax obscures relation or becomes monotonous,"verb phrase is repeated, misattached, or rhetorically unmotivated",What relation or emphasis would this form express?,select/repair only for a named rhetorical purpose,Diagnose in context; apply the smallest supported change; run the semantic-preservation audit.,Use only when the observable signal causes the stated reader problem.,Marked form may be functional; consult the owning skill's exceptions.,"Mechanical application can change meaning, hierarchy, register, evidence, or voice.",A clean instance of the marked form should remain unchanged.,rhetorical heuristic,chapter provenance partial; grammatical elaboration marked derived,sentence-variety,,False,,,,low-medium
TUF-CAT-03,TUF,Virginia Tufte,Artful Sentences: Syntax as Style,1st/only substantiated,visible chapter taxonomy/derived catalog,https://archive.org/details/artfulsentencess0000tuft,adjective/adverb phrase,adjective/adverb phrase,Sentence,form-purpose mismatch,syntax obscures relation or becomes monotonous,"adjective/adverb phrase is repeated, misattached, or rhetorically unmotivated",What relation or emphasis would this form express?,select/repair only for a named rhetorical purpose,Diagnose in context; apply the smallest supported change; run the semantic-preservation audit.,Use only when the observable signal causes the stated reader problem.,Marked form may be functional; consult the owning skill's exceptions.,"Mechanical application can change meaning, hierarchy, register, evidence, or voice.",A clean instance of the marked form should remain unchanged.,rhetorical heuristic,chapter provenance partial; grammatical elaboration marked derived,sentence-variety,,False,,,,low-medium
TUF-CAT-04,TUF,Virginia Tufte,Artful Sentences: Syntax as Style,1st/only substantiated,visible chapter taxonomy/derived catalog,https://archive.org/details/artfulsentencess0000tuft,prepositional phrase,prepositional phrase,Sentence,form-purpose mismatch,syntax obscures relation or becomes monotonous,"prepositional phrase is repeated, misattached, or rhetorically unmotivated",What relation or emphasis would this form express?,select/repair only for a named rhetorical purpose,Diagnose in context; apply the smallest supported change; run the semantic-preservation audit.,Use only when the observable signal causes the stated reader problem.,Marked form may be functional; consult the owning skill's exceptions.,"Mechanical application can change meaning, hierarchy, register, evidence, or voice.",A clean instance of the marked form should remain unchanged.,rhetorical heuristic,chapter provenance partial; grammatical elaboration marked derived,sentence-variety,,False,,,,low-medium
TUF-CAT-05,TUF,Virginia Tufte,Artful Sentences: Syntax as Style,1st/only substantiated,visible chapter taxonomy/derived catalog,https://archive.org/details/artfulsentencess0000tuft,coordination,coordination,Sentence,form-purpose mismatch,syntax obscures relation or becomes monotonous,"coordination is repeated, misattached, or rhetorically unmotivated",What relation or emphasis would this form express?,select/repair only for a named rhetorical purpose,Diagnose in context; apply the smallest supported change; run the semantic-preservation audit.,Use only when the observable signal causes the stated reader problem.,Marked form may be functional; consult the owning skill's exceptions.,"Mechanical application can change meaning, hierarchy, register, evidence, or voice.",A clean instance of the marked form should remain unchanged.,rhetorical heuristic,chapter provenance partial; grammatical elaboration marked derived,sentence-variety,,False,,,,low-medium
TUF-CAT-06,TUF,Virginia Tufte,Artful Sentences: Syntax as Style,1st/only substantiated,visible chapter taxonomy/derived catalog,https://archive.org/details/artfulsentencess0000tuft,dependent clause,dependent clause,Sentence,form-purpose mismatch,syntax obscures relation or becomes monotonous,"dependent clause is repeated, misattached, or rhetorically unmotivated",What relation or emphasis would this form express?,select/repair only for a named rhetorical purpose,Diagnose in context; apply the smallest supported change; run the semantic-preservation audit.,Use only when the observable signal causes the stated reader problem.,Marked form may be functional; consult the owning skill's exceptions.,"Mechanical application can change meaning, hierarchy, register, evidence, or voice.",A clean instance of the marked form should remain unchanged.,rhetorical heuristic,chapter provenance partial; grammatical elaboration marked derived,sentence-variety,,False,,,,low-medium
TUF-CAT-07,TUF,Virginia Tufte,Artful Sentences: Syntax as Style,1st/only substantiated,visible chapter taxonomy/derived catalog,https://archive.org/details/artfulsentencess0000tuft,relative clause,relative clause,Sentence,form-purpose mismatch,syntax obscures relation or becomes monotonous,"relative clause is repeated, misattached, or rhetorically unmotivated",What relation or emphasis would this form express?,select/repair only for a named rhetorical purpose,Diagnose in context; apply the smallest supported change; run the semantic-preservation audit.,Use only when the observable signal causes the stated reader problem.,Marked form may be functional; consult the owning skill's exceptions.,"Mechanical application can change meaning, hierarchy, register, evidence, or voice.",A clean instance of the marked form should remain unchanged.,rhetorical heuristic,chapter provenance partial; grammatical elaboration marked derived,sentence-variety,,False,,,,low-medium
TUF-CAT-08,TUF,Virginia Tufte,Artful Sentences: Syntax as Style,1st/only substantiated,visible chapter taxonomy/derived catalog,https://archive.org/details/artfulsentencess0000tuft,adverbial clause,adverbial clause,Sentence,form-purpose mismatch,syntax obscures relation or becomes monotonous,"adverbial clause is repeated, misattached, or rhetorically unmotivated",What relation or emphasis would this form express?,select/repair only for a named rhetorical purpose,Diagnose in context; apply the smallest supported change; run the semantic-preservation audit.,Use only when the observable signal causes the stated reader problem.,Marked form may be functional; consult the owning skill's exceptions.,"Mechanical application can change meaning, hierarchy, register, evidence, or voice.",A clean instance of the marked form should remain unchanged.,rhetorical heuristic,chapter provenance partial; grammatical elaboration marked derived,sentence-variety,,False,,,,low-medium
TUF-CAT-09,TUF,Virginia Tufte,Artful Sentences: Syntax as Style,1st/only substantiated,visible chapter taxonomy/derived catalog,https://archive.org/details/artfulsentencess0000tuft,noun clause,noun clause,Sentence,form-purpose mismatch,syntax obscures relation or becomes monotonous,"noun clause is repeated, misattached, or rhetorically unmotivated",What relation or emphasis would this form express?,select/repair only for a named rhetorical purpose,Diagnose in context; apply the smallest supported change; run the semantic-preservation audit.,Use only when the observable signal causes the stated reader problem.,Marked form may be functional; consult the owning skill's exceptions.,"Mechanical application can change meaning, hierarchy, register, evidence, or voice.",A clean instance of the marked form should remain unchanged.,rhetorical heuristic,chapter provenance partial; grammatical elaboration marked derived,sentence-variety,,False,,,,low-medium
TUF-CAT-10,TUF,Virginia Tufte,Artful Sentences: Syntax as Style,1st/only substantiated,visible chapter taxonomy/derived catalog,https://archive.org/details/artfulsentencess0000tuft,sentence opener,sentence opener,Sentence,form-purpose mismatch,syntax obscures relation or becomes monotonous,"sentence opener is repeated, misattached, or rhetorically unmotivated",What relation or emphasis would this form express?,select/repair only for a named rhetorical purpose,Diagnose in context; apply the smallest supported change; run the semantic-preservation audit.,Use only when the observable signal causes the stated reader problem.,Marked form may be functional; consult the owning skill's exceptions.,"Mechanical application can change meaning, hierarchy, register, evidence, or voice.",A clean instance of the marked form should remain unchanged.,rhetorical heuristic,chapter provenance partial; grammatical elaboration marked derived,sentence-variety,,False,,,,low-medium
TUF-CAT-11,TUF,Virginia Tufte,Artful Sentences: Syntax as Style,1st/only substantiated,visible chapter taxonomy/derived catalog,https://archive.org/details/artfulsentencess0000tuft,inversion,inversion,Sentence,form-purpose mismatch,syntax obscures relation or becomes monotonous,"inversion is repeated, misattached, or rhetorically unmotivated",What relation or emphasis would this form express?,select/repair only for a named rhetorical purpose,Diagnose in context; apply the smallest supported change; run the semantic-preservation audit.,Use only when the observable signal causes the stated reader problem.,Marked form may be functional; consult the owning skill's exceptions.,"Mechanical application can change meaning, hierarchy, register, evidence, or voice.",A clean instance of the marked form should remain unchanged.,rhetorical heuristic,chapter provenance partial; grammatical elaboration marked derived,sentence-variety,,False,,,,low-medium
TUF-CAT-12,TUF,Virginia Tufte,Artful Sentences: Syntax as Style,1st/only substantiated,visible chapter taxonomy/derived catalog,https://archive.org/details/artfulsentencess0000tuft,appositive,appositive,Sentence,form-purpose mismatch,syntax obscures relation or becomes monotonous,"appositive is repeated, misattached, or rhetorically unmotivated",What relation or emphasis would this form express?,select/repair only for a named rhetorical purpose,Diagnose in context; apply the smallest supported change; run the semantic-preservation audit.,Use only when the observable signal causes the stated reader problem.,Marked form may be functional; consult the owning skill's exceptions.,"Mechanical application can change meaning, hierarchy, register, evidence, or voice.",A clean instance of the marked form should remain unchanged.,rhetorical heuristic,chapter provenance partial; grammatical elaboration marked derived,sentence-variety,,False,,,,low-medium
TUF-CAT-13,TUF,Virginia Tufte,Artful Sentences: Syntax as Style,1st/only substantiated,visible chapter taxonomy/derived catalog,https://archive.org/details/artfulsentencess0000tuft,interrogative,interrogative,Sentence,form-purpose mismatch,syntax obscures relation or becomes monotonous,"interrogative is repeated, misattached, or rhetorically unmotivated",What relation or emphasis would this form express?,select/repair only for a named rhetorical purpose,Diagnose in context; apply the smallest supported change; run the semantic-preservation audit.,Use only when the observable signal causes the stated reader problem.,Marked form may be functional; consult the owning skill's exceptions.,"Mechanical application can change meaning, hierarchy, register, evidence, or voice.",A clean instance of the marked form should remain unchanged.,rhetorical heuristic,chapter provenance partial; grammatical elaboration marked derived,sentence-variety,,False,,,,low-medium
TUF-CAT-14,TUF,Virginia Tufte,Artful Sentences: Syntax as Style,1st/only substantiated,visible chapter taxonomy/derived catalog,https://archive.org/details/artfulsentencess0000tuft,imperative,imperative,Sentence,form-purpose mismatch,syntax obscures relation or becomes monotonous,"imperative is repeated, misattached, or rhetorically unmotivated",What relation or emphasis would this form express?,select/repair only for a named rhetorical purpose,Diagnose in context; apply the smallest supported change; run the semantic-preservation audit.,Use only when the observable signal causes the stated reader problem.,Marked form may be functional; consult the owning skill's exceptions.,"Mechanical application can change meaning, hierarchy, register, evidence, or voice.",A clean instance of the marked form should remain unchanged.,rhetorical heuristic,chapter provenance partial; grammatical elaboration marked derived,sentence-variety,,False,,,,low-medium
TUF-CAT-15,TUF,Virginia Tufte,Artful Sentences: Syntax as Style,1st/only substantiated,visible chapter taxonomy/derived catalog,https://archive.org/details/artfulsentencess0000tuft,exclamatory,exclamatory,Sentence,form-purpose mismatch,syntax obscures relation or becomes monotonous,"exclamatory is repeated, misattached, or rhetorically unmotivated",What relation or emphasis would this form express?,select/repair only for a named rhetorical purpose,Diagnose in context; apply the smallest supported change; run the semantic-preservation audit.,Use only when the observable signal causes the stated reader problem.,Marked form may be functional; consult the owning skill's exceptions.,"Mechanical application can change meaning, hierarchy, register, evidence, or voice.",A clean instance of the marked form should remain unchanged.,rhetorical heuristic,chapter provenance partial; grammatical elaboration marked derived,sentence-variety,,False,,,,low-medium
TUF-CAT-16,TUF,Virginia Tufte,Artful Sentences: Syntax as Style,1st/only substantiated,visible chapter taxonomy/derived catalog,https://archive.org/details/artfulsentencess0000tuft,parallelism,parallelism,Sentence,form-purpose mismatch,syntax obscures relation or becomes monotonous,"parallelism is repeated, misattached, or rhetorically unmotivated",What relation or emphasis would this form express?,select/repair only for a named rhetorical purpose,Diagnose in context; apply the smallest supported change; run the semantic-preservation audit.,Use only when the observable signal causes the stated reader problem.,Marked form may be functional; consult the owning skill's exceptions.,"Mechanical application can change meaning, hierarchy, register, evidence, or voice.",A clean instance of the marked form should remain unchanged.,rhetorical heuristic,chapter provenance partial; grammatical elaboration marked derived,sentence-variety,,False,,,,low-medium
TUF-CAT-17,TUF,Virginia Tufte,Artful Sentences: Syntax as Style,1st/only substantiated,visible chapter taxonomy/derived catalog,https://archive.org/details/artfulsentencess0000tuft,balance/antithesis,balance/antithesis,Sentence,form-purpose mismatch,syntax obscures relation or becomes monotonous,"balance/antithesis is repeated, misattached, or rhetorically unmotivated",What relation or emphasis would this form express?,select/repair only for a named rhetorical purpose,Diagnose in context; apply the smallest supported change; run the semantic-preservation audit.,Use only when the observable signal causes the stated reader problem.,Marked form may be functional; consult the owning skill's exceptions.,"Mechanical application can change meaning, hierarchy, register, evidence, or voice.",A clean instance of the marked form should remain unchanged.,rhetorical heuristic,chapter provenance partial; grammatical elaboration marked derived,sentence-variety,,False,,,,low-medium
TUF-CAT-18,TUF,Virginia Tufte,Artful Sentences: Syntax as Style,1st/only substantiated,visible chapter taxonomy/derived catalog,https://archive.org/details/artfulsentencess0000tuft,repetition,repetition,Sentence,form-purpose mismatch,syntax obscures relation or becomes monotonous,"repetition is repeated, misattached, or rhetorically unmotivated",What relation or emphasis would this form express?,select/repair only for a named rhetorical purpose,Diagnose in context; apply the smallest supported change; run the semantic-preservation audit.,Use only when the observable signal causes the stated reader problem.,Marked form may be functional; consult the owning skill's exceptions.,"Mechanical application can change meaning, hierarchy, register, evidence, or voice.",A clean instance of the marked form should remain unchanged.,rhetorical heuristic,chapter provenance partial; grammatical elaboration marked derived,sentence-variety,,False,,,,low-medium
TUF-CAT-19,TUF,Virginia Tufte,Artful Sentences: Syntax as Style,1st/only substantiated,visible chapter taxonomy/derived catalog,https://archive.org/details/artfulsentencess0000tuft,ellipsis,ellipsis,Sentence,form-purpose mismatch,syntax obscures relation or becomes monotonous,"ellipsis is repeated, misattached, or rhetorically unmotivated",What relation or emphasis would this form express?,select/repair only for a named rhetorical purpose,Diagnose in context; apply the smallest supported change; run the semantic-preservation audit.,Use only when the observable signal causes the stated reader problem.,Marked form may be functional; consult the owning skill's exceptions.,"Mechanical application can change meaning, hierarchy, register, evidence, or voice.",A clean instance of the marked form should remain unchanged.,rhetorical heuristic,chapter provenance partial; grammatical elaboration marked derived,sentence-variety,,False,,,,low-medium
TUF-CAT-20,TUF,Virginia Tufte,Artful Sentences: Syntax as Style,1st/only substantiated,visible chapter taxonomy/derived catalog,https://archive.org/details/artfulsentencess0000tuft,asyndeton/polysyndeton,asyndeton/polysyndeton,Sentence,form-purpose mismatch,syntax obscures relation or becomes monotonous,"asyndeton/polysyndeton is repeated, misattached, or rhetorically unmotivated",What relation or emphasis would this form express?,select/repair only for a named rhetorical purpose,Diagnose in context; apply the smallest supported change; run the semantic-preservation audit.,Use only when the observable signal causes the stated reader problem.,Marked form may be functional; consult the owning skill's exceptions.,"Mechanical application can change meaning, hierarchy, register, evidence, or voice.",A clean instance of the marked form should remain unchanged.,rhetorical heuristic,chapter provenance partial; grammatical elaboration marked derived,sentence-variety,,False,,,,low-medium
TUF-CAT-21,TUF,Virginia Tufte,Artful Sentences: Syntax as Style,1st/only substantiated,visible chapter taxonomy/derived catalog,https://archive.org/details/artfulsentencess0000tuft,fragment,fragment,Sentence,form-purpose mismatch,syntax obscures relation or becomes monotonous,"fragment is repeated, misattached, or rhetorically unmotivated",What relation or emphasis would this form express?,select/repair only for a named rhetorical purpose,Diagnose in context; apply the smallest supported change; run the semantic-preservation audit.,Use only when the observable signal causes the stated reader problem.,Marked form may be functional; consult the owning skill's exceptions.,"Mechanical application can change meaning, hierarchy, register, evidence, or voice.",A clean instance of the marked form should remain unchanged.,rhetorical heuristic,chapter provenance partial; grammatical elaboration marked derived,sentence-variety,,False,,,,low-medium
TUF-CAT-22,TUF,Virginia Tufte,Artful Sentences: Syntax as Style,1st/only substantiated,visible chapter taxonomy/derived catalog,https://archive.org/details/artfulsentencess0000tuft,punctuation-controlled unit,punctuation-controlled unit,Sentence,form-purpose mismatch,syntax obscures relation or becomes monotonous,"punctuation-controlled unit is repeated, misattached, or rhetorically unmotivated",What relation or emphasis would this form express?,select/repair only for a named rhetorical purpose,Diagnose in context; apply the smallest supported change; run the semantic-preservation audit.,Use only when the observable signal causes the stated reader problem.,Marked form may be functional; consult the owning skill's exceptions.,"Mechanical application can change meaning, hierarchy, register, evidence, or voice.",A clean instance of the marked form should remain unchanged.,rhetorical heuristic,chapter provenance partial; grammatical elaboration marked derived,sentence-variety,,False,,,,low-medium
TUF-SYM-01,TUF,Virginia Tufte,Artful Sentences: Syntax as Style,1st/only substantiated,Syntactic Symbolism,https://archive.org/details/artfulsentencess0000tuft,syntactic symbolism,form enacts meaning,Sentence,ornament,display distracts or obscures,marked form has no reader-serving function,Does the form clarify or merely imitate?,"retain only apt, clear iconic form",Diagnose in context; apply the smallest supported change; run the semantic-preservation audit.,Use only when the observable signal causes the stated reader problem.,Marked form may be functional; consult the owning skill's exceptions.,"Mechanical application can change meaning, hierarchy, register, evidence, or voice.",A clean instance of the marked form should remain unchanged.,rhetorical heuristic,normative/case-supported; not universal empirical law,sentence-variety,,False,,,,low-medium
MIN-WR-01,MIN96,Barbara Minto,"The Minto Pyramid Principle: Logic in Writing, Thinking, and Problem Solving",new and expanded,official concept/course; 1996 TOC,https://www.barbaraminto.com/textbook,governing thought,governing answer,Document,argument-structure fault,decision-maker cannot recover or test reasoning,no controlling answer,Does each level answer the reader's governing question with valid support?,state best-supported answer,Diagnose in context; apply the smallest supported change; run the semantic-preservation audit.,Use only when the observable signal causes the stated reader problem.,Marked form may be functional; consult the owning skill's exceptions.,"Mechanical application can change meaning, hierarchy, register, evidence, or voice.",A clean instance of the marked form should remain unchanged.,rhetorical heuristic,normative consulting method; full book unavailable,memo-structure,,False,,,,medium-high direct method/low page detail
MIN-WR-02,MIN96,Barbara Minto,"The Minto Pyramid Principle: Logic in Writing, Thinking, and Problem Solving",new and expanded,official concept/course; 1996 TOC,https://www.barbaraminto.com/textbook,reader's question,governing question,Document,argument-structure fault,decision-maker cannot recover or test reasoning,document answers no clear question,Does each level answer the reader's governing question with valid support?,recover audience question,Diagnose in context; apply the smallest supported change; run the semantic-preservation audit.,Use only when the observable signal causes the stated reader problem.,Marked form may be functional; consult the owning skill's exceptions.,"Mechanical application can change meaning, hierarchy, register, evidence, or voice.",A clean instance of the marked form should remain unchanged.,rhetorical heuristic,normative consulting method; full book unavailable,memo-structure,,False,,,,medium-high direct method/low page detail
MIN-PYR-01,MIN96,Barbara Minto,"The Minto Pyramid Principle: Logic in Writing, Thinking, and Problem Solving",new and expanded,official concept/course; 1996 TOC,https://www.barbaraminto.com/textbook,point above summarizes below,parent summary,Section,argument-structure fault,decision-maker cannot recover or test reasoning,parent is a topic label,Does each level answer the reader's governing question with valid support?,write an insight-bearing parent,Diagnose in context; apply the smallest supported change; run the semantic-preservation audit.,Use only when the observable signal causes the stated reader problem.,Marked form may be functional; consult the owning skill's exceptions.,"Mechanical application can change meaning, hierarchy, register, evidence, or voice.",A clean instance of the marked form should remain unchanged.,rhetorical heuristic,normative consulting method; full book unavailable,memo-structure,,False,,,,medium-high direct method/low page detail
MIN-PYR-02,MIN96,Barbara Minto,"The Minto Pyramid Principle: Logic in Writing, Thinking, and Problem Solving",new and expanded,official concept/course; 1996 TOC,https://www.barbaraminto.com/textbook,vertical logic,question-answer dependency,Section,argument-structure fault,decision-maker cannot recover or test reasoning,children do not answer parent-raised question,Does each level answer the reader's governing question with valid support?,repair hierarchy,Diagnose in context; apply the smallest supported change; run the semantic-preservation audit.,Use only when the observable signal causes the stated reader problem.,Marked form may be functional; consult the owning skill's exceptions.,"Mechanical application can change meaning, hierarchy, register, evidence, or voice.",A clean instance of the marked form should remain unchanged.,rhetorical heuristic,normative consulting method; full book unavailable,memo-structure,,False,,,,medium-high direct method/low page detail
MIN-PYR-03,MIN96,Barbara Minto,"The Minto Pyramid Principle: Logic in Writing, Thinking, and Problem Solving",new and expanded,official concept/course; 1996 TOC,https://www.barbaraminto.com/textbook,horizontal logic,same-kind sibling group,Section,argument-structure fault,decision-maker cannot recover or test reasoning,siblings mix logical kinds,Does each level answer the reader's governing question with valid support?,regroup,Diagnose in context; apply the smallest supported change; run the semantic-preservation audit.,Use only when the observable signal causes the stated reader problem.,Marked form may be functional; consult the owning skill's exceptions.,"Mechanical application can change meaning, hierarchy, register, evidence, or voice.",A clean instance of the marked form should remain unchanged.,rhetorical heuristic,normative consulting method; full book unavailable,memo-structure,,False,,,,medium-high direct method/low page detail
MIN-PYR-04,MIN96,Barbara Minto,"The Minto Pyramid Principle: Logic in Writing, Thinking, and Problem Solving",new and expanded,official concept/course; 1996 TOC,https://www.barbaraminto.com/textbook,logical order,declared sibling order,Section,argument-structure fault,decision-maker cannot recover or test reasoning,order shifts silently,Does each level answer the reader's governing question with valid support?,choose time/structure/degree order,Diagnose in context; apply the smallest supported change; run the semantic-preservation audit.,Use only when the observable signal causes the stated reader problem.,Marked form may be functional; consult the owning skill's exceptions.,"Mechanical application can change meaning, hierarchy, register, evidence, or voice.",A clean instance of the marked form should remain unchanged.,rhetorical heuristic,normative consulting method; full book unavailable,memo-structure,,False,,,,medium-high direct method/low page detail
MIN-PYR-05,MIN96,Barbara Minto,"The Minto Pyramid Principle: Logic in Writing, Thinking, and Problem Solving",new and expanded,official concept/course; 1996 TOC,https://www.barbaraminto.com/textbook,summary statement,insight-bearing summary,Section,argument-structure fault,decision-maker cannot recover or test reasoning,category label substitutes for claim,Does each level answer the reader's governing question with valid support?,state inference,Diagnose in context; apply the smallest supported change; run the semantic-preservation audit.,Use only when the observable signal causes the stated reader problem.,Marked form may be functional; consult the owning skill's exceptions.,"Mechanical application can change meaning, hierarchy, register, evidence, or voice.",A clean instance of the marked form should remain unchanged.,rhetorical heuristic,normative consulting method; full book unavailable,memo-structure,,False,,,,medium-high direct method/low page detail
MIN-ORD-01,MIN96,Barbara Minto,"The Minto Pyramid Principle: Logic in Writing, Thinking, and Problem Solving",new and expanded,official concept/course; 1996 TOC,https://www.barbaraminto.com/textbook,deduction,premise-case-implication,Section,argument-structure fault,decision-maker cannot recover or test reasoning,premise/implication hidden,Does each level answer the reader's governing question with valid support?,expose short chain,Diagnose in context; apply the smallest supported change; run the semantic-preservation audit.,Use only when the observable signal causes the stated reader problem.,Marked form may be functional; consult the owning skill's exceptions.,"Mechanical application can change meaning, hierarchy, register, evidence, or voice.",A clean instance of the marked form should remain unchanged.,rhetorical heuristic,normative consulting method; full book unavailable,memo-structure,,False,,,,medium-high direct method/low page detail
MIN-ORD-02,MIN96,Barbara Minto,"The Minto Pyramid Principle: Logic in Writing, Thinking, and Problem Solving",new and expanded,official concept/course; 1996 TOC,https://www.barbaraminto.com/textbook,induction,bounded generalization,Section,argument-structure fault,decision-maker cannot recover or test reasoning,unlike facts grouped,Does each level answer the reader's governing question with valid support?,group comparable evidence,Diagnose in context; apply the smallest supported change; run the semantic-preservation audit.,Use only when the observable signal causes the stated reader problem.,Marked form may be functional; consult the owning skill's exceptions.,"Mechanical application can change meaning, hierarchy, register, evidence, or voice.",A clean instance of the marked form should remain unchanged.,rhetorical heuristic,normative consulting method; full book unavailable,memo-structure,,False,,,,medium-high direct method/low page detail
MIN-ORD-03,MIN96,Barbara Minto,"The Minto Pyramid Principle: Logic in Writing, Thinking, and Problem Solving",new and expanded,official concept/course; 1996 TOC,https://www.barbaraminto.com/textbook,time order,chronological/process order,Section,argument-structure fault,decision-maker cannot recover or test reasoning,steps unordered,Does each level answer the reader's governing question with valid support?,order by time,Diagnose in context; apply the smallest supported change; run the semantic-preservation audit.,Use only when the observable signal causes the stated reader problem.,Marked form may be functional; consult the owning skill's exceptions.,"Mechanical application can change meaning, hierarchy, register, evidence, or voice.",A clean instance of the marked form should remain unchanged.,rhetorical heuristic,normative consulting method; full book unavailable,memo-structure,,False,,,,medium-high direct method/low page detail
MIN-ORD-04,MIN96,Barbara Minto,"The Minto Pyramid Principle: Logic in Writing, Thinking, and Problem Solving",new and expanded,official concept/course; 1996 TOC,https://www.barbaraminto.com/textbook,structure/degree order,parts or rank order,Section,argument-structure fault,decision-maker cannot recover or test reasoning,mixed basis,Does each level answer the reader's governing question with valid support?,declare structure or priority,Diagnose in context; apply the smallest supported change; run the semantic-preservation audit.,Use only when the observable signal causes the stated reader problem.,Marked form may be functional; consult the owning skill's exceptions.,"Mechanical application can change meaning, hierarchy, register, evidence, or voice.",A clean instance of the marked form should remain unchanged.,rhetorical heuristic,normative consulting method; full book unavailable,memo-structure,,False,,,,medium-high direct method/low page detail
MIN-MECE-01,MIN96,Barbara Minto,"The Minto Pyramid Principle: Logic in Writing, Thinking, and Problem Solving",new and expanded,official concept/course; 1996 TOC,https://www.barbaraminto.com/textbook,mutually exclusive,practical non-overlap,Section,argument-structure fault,decision-maker cannot recover or test reasoning,categories duplicate,Does each level answer the reader's governing question with valid support?,clarify boundaries/disclose overlap,Diagnose in context; apply the smallest supported change; run the semantic-preservation audit.,Use only when the observable signal causes the stated reader problem.,Marked form may be functional; consult the owning skill's exceptions.,"Mechanical application can change meaning, hierarchy, register, evidence, or voice.",A clean instance of the marked form should remain unchanged.,rhetorical heuristic,normative consulting method; full book unavailable,memo-structure,,False,,,,medium-high direct method/low page detail
MIN-MECE-02,MIN96,Barbara Minto,"The Minto Pyramid Principle: Logic in Writing, Thinking, and Problem Solving",new and expanded,official concept/course; 1996 TOC,https://www.barbaraminto.com/textbook,collectively exhaustive,claim-bounded coverage,Section,argument-structure fault,decision-maker cannot recover or test reasoning,material gap undermines claim,Does each level answer the reader's governing question with valid support?,add gap or narrow claim,Diagnose in context; apply the smallest supported change; run the semantic-preservation audit.,Use only when the observable signal causes the stated reader problem.,Marked form may be functional; consult the owning skill's exceptions.,"Mechanical application can change meaning, hierarchy, register, evidence, or voice.",A clean instance of the marked form should remain unchanged.,rhetorical heuristic,normative consulting method; full book unavailable,memo-structure,,False,,,,medium-high direct method/low page detail
MIN-MECE-03,MIN96,Barbara Minto,"The Minto Pyramid Principle: Logic in Writing, Thinking, and Problem Solving",new and expanded,official concept/course; 1996 TOC,https://www.barbaraminto.com/textbook,MECE,"coverage test, not truth guarantee",Document,argument-structure fault,decision-maker cannot recover or test reasoning,clean grid hides uncertainty,Does each level answer the reader's governing question with valid support?,surface evidence/overlap,Diagnose in context; apply the smallest supported change; run the semantic-preservation audit.,Use only when the observable signal causes the stated reader problem.,Marked form may be functional; consult the owning skill's exceptions.,"Mechanical application can change meaning, hierarchy, register, evidence, or voice.",A clean instance of the marked form should remain unchanged.,rhetorical heuristic,normative consulting method; full book unavailable,memo-structure,,False,,,,medium-high direct method/low page detail
MIN-SCQA-01,MIN96,Barbara Minto,"The Minto Pyramid Principle: Logic in Writing, Thinking, and Problem Solving",new and expanded,official concept/course; 1996 TOC,https://www.barbaraminto.com/textbook,situation,shared relevant context,Document,argument-structure fault,decision-maker cannot recover or test reasoning,reader lacks baseline,Does each level answer the reader's governing question with valid support?,state minimum shared context,Diagnose in context; apply the smallest supported change; run the semantic-preservation audit.,Use only when the observable signal causes the stated reader problem.,Marked form may be functional; consult the owning skill's exceptions.,"Mechanical application can change meaning, hierarchy, register, evidence, or voice.",A clean instance of the marked form should remain unchanged.,rhetorical heuristic,normative consulting method; full book unavailable,memo-structure,,False,,,,medium-high direct method/low page detail
MIN-SCQA-02,MIN96,Barbara Minto,"The Minto Pyramid Principle: Logic in Writing, Thinking, and Problem Solving",new and expanded,official concept/course; 1996 TOC,https://www.barbaraminto.com/textbook,complication,decision-driving change/tension,Document,argument-structure fault,decision-maker cannot recover or test reasoning,reason to care is missing,Does each level answer the reader's governing question with valid support?,state complication,Diagnose in context; apply the smallest supported change; run the semantic-preservation audit.,Use only when the observable signal causes the stated reader problem.,Marked form may be functional; consult the owning skill's exceptions.,"Mechanical application can change meaning, hierarchy, register, evidence, or voice.",A clean instance of the marked form should remain unchanged.,rhetorical heuristic,normative consulting method; full book unavailable,memo-structure,,False,,,,medium-high direct method/low page detail
MIN-SCQA-03,MIN96,Barbara Minto,"The Minto Pyramid Principle: Logic in Writing, Thinking, and Problem Solving",new and expanded,official concept/course; 1996 TOC,https://www.barbaraminto.com/textbook,question,governing issue,Document,argument-structure fault,decision-maker cannot recover or test reasoning,opening raises several questions,Does each level answer the reader's governing question with valid support?,focus question,Diagnose in context; apply the smallest supported change; run the semantic-preservation audit.,Use only when the observable signal causes the stated reader problem.,Marked form may be functional; consult the owning skill's exceptions.,"Mechanical application can change meaning, hierarchy, register, evidence, or voice.",A clean instance of the marked form should remain unchanged.,rhetorical heuristic,normative consulting method; full book unavailable,memo-structure,,False,,,,medium-high direct method/low page detail
MIN-SCQA-04,MIN96,Barbara Minto,"The Minto Pyramid Principle: Logic in Writing, Thinking, and Problem Solving",new and expanded,official concept/course; 1996 TOC,https://www.barbaraminto.com/textbook,answer,governing conclusion,Document,argument-structure fault,decision-maker cannot recover or test reasoning,answer buried,Does each level answer the reader's governing question with valid support?,state when interpretable/fair,Diagnose in context; apply the smallest supported change; run the semantic-preservation audit.,Use only when the observable signal causes the stated reader problem.,Marked form may be functional; consult the owning skill's exceptions.,"Mechanical application can change meaning, hierarchy, register, evidence, or voice.",A clean instance of the marked form should remain unchanged.,rhetorical heuristic,normative consulting method; full book unavailable,memo-structure,,False,,,,medium-high direct method/low page detail
MIN-SCQA-05,MIN96,Barbara Minto,"The Minto Pyramid Principle: Logic in Writing, Thinking, and Problem Solving",new and expanded,official concept/course; 1996 TOC,https://www.barbaraminto.com/textbook,introduction,reader-preparing opening,Document,argument-structure fault,decision-maker cannot recover or test reasoning,formula distorts genre,Does each level answer the reader's governing question with valid support?,compress/omit SCQ elements,Diagnose in context; apply the smallest supported change; run the semantic-preservation audit.,Use only when the observable signal causes the stated reader problem.,Marked form may be functional; consult the owning skill's exceptions.,"Mechanical application can change meaning, hierarchy, register, evidence, or voice.",A clean instance of the marked form should remain unchanged.,rhetorical heuristic,normative consulting method; full book unavailable,memo-structure,,False,,,,medium-high direct method/low page detail
MIN-PS-01,MIN96,Barbara Minto,"The Minto Pyramid Principle: Logic in Writing, Thinking, and Problem Solving",new and expanded,official concept/course; 1996 TOC,https://www.barbaraminto.com/textbook,define problem,problem boundary,Document,argument-structure fault,decision-maker cannot recover or test reasoning,symptom confused with problem,Does each level answer the reader's governing question with valid support?,define gap/standard/current state,Diagnose in context; apply the smallest supported change; run the semantic-preservation audit.,Use only when the observable signal causes the stated reader problem.,Marked form may be functional; consult the owning skill's exceptions.,"Mechanical application can change meaning, hierarchy, register, evidence, or voice.",A clean instance of the marked form should remain unchanged.,rhetorical heuristic,normative consulting method; full book unavailable,memo-structure,,False,,,,medium-high direct method/low page detail
MIN-PS-02,MIN96,Barbara Minto,"The Minto Pyramid Principle: Logic in Writing, Thinking, and Problem Solving",new and expanded,official concept/course; 1996 TOC,https://www.barbaraminto.com/textbook,issue tree,question decomposition,Document,argument-structure fault,decision-maker cannot recover or test reasoning,analysis branches overlap/gap,Does each level answer the reader's governing question with valid support?,repair decomposition,Diagnose in context; apply the smallest supported change; run the semantic-preservation audit.,Use only when the observable signal causes the stated reader problem.,Marked form may be functional; consult the owning skill's exceptions.,"Mechanical application can change meaning, hierarchy, register, evidence, or voice.",A clean instance of the marked form should remain unchanged.,rhetorical heuristic,normative consulting method; full book unavailable,memo-structure,,False,,,,medium-high direct method/low page detail
MIN-PS-03,MIN96,Barbara Minto,"The Minto Pyramid Principle: Logic in Writing, Thinking, and Problem Solving",new and expanded,official concept/course; 1996 TOC,https://www.barbaraminto.com/textbook,top-down,hypothesis-led construction,Document,argument-structure fault,decision-maker cannot recover or test reasoning,assumed answer goes untested,Does each level answer the reader's governing question with valid support?,test/replace branches,Diagnose in context; apply the smallest supported change; run the semantic-preservation audit.,Use only when the observable signal causes the stated reader problem.,Marked form may be functional; consult the owning skill's exceptions.,"Mechanical application can change meaning, hierarchy, register, evidence, or voice.",A clean instance of the marked form should remain unchanged.,rhetorical heuristic,normative consulting method; full book unavailable,memo-structure,,False,,,,medium-high direct method/low page detail
MIN-PS-04,MIN96,Barbara Minto,"The Minto Pyramid Principle: Logic in Writing, Thinking, and Problem Solving",new and expanded,official concept/course; 1996 TOC,https://www.barbaraminto.com/textbook,bottom-up,evidence-led synthesis,Document,argument-structure fault,decision-maker cannot recover or test reasoning,answer invented before evidence,Does each level answer the reader's governing question with valid support?,group facts then infer,Diagnose in context; apply the smallest supported change; run the semantic-preservation audit.,Use only when the observable signal causes the stated reader problem.,Marked form may be functional; consult the owning skill's exceptions.,"Mechanical application can change meaning, hierarchy, register, evidence, or voice.",A clean instance of the marked form should remain unchanged.,rhetorical heuristic,normative consulting method; full book unavailable,memo-structure,,False,,,,medium-high direct method/low page detail
MIN-PS-05,MIN96,Barbara Minto,"The Minto Pyramid Principle: Logic in Writing, Thinking, and Problem Solving",new and expanded,official concept/course; 1996 TOC,https://www.barbaraminto.com/textbook,analysis vs presentation,reasoning/presentation separation,Document,argument-structure fault,decision-maker cannot recover or test reasoning,layout substitutes for reasoning,Does each level answer the reader's governing question with valid support?,validate analysis first,Diagnose in context; apply the smallest supported change; run the semantic-preservation audit.,Use only when the observable signal causes the stated reader problem.,Marked form may be functional; consult the owning skill's exceptions.,"Mechanical application can change meaning, hierarchy, register, evidence, or voice.",A clean instance of the marked form should remain unchanged.,rhetorical heuristic,normative consulting method; full book unavailable,memo-structure,,False,,,,medium-high direct method/low page detail
MIN-PS-06,MIN96,Barbara Minto,"The Minto Pyramid Principle: Logic in Writing, Thinking, and Problem Solving",new and expanded,official concept/course; 1996 TOC,https://www.barbaraminto.com/textbook,problem-solving process,stage separation,Document,argument-structure fault,decision-maker cannot recover or test reasoning,definition/diagnosis/options/recommendation collapse,Does each level answer the reader's governing question with valid support?,separate stages,Diagnose in context; apply the smallest supported change; run the semantic-preservation audit.,Use only when the observable signal causes the stated reader problem.,Marked form may be functional; consult the owning skill's exceptions.,"Mechanical application can change meaning, hierarchy, register, evidence, or voice.",A clean instance of the marked form should remain unchanged.,rhetorical heuristic,normative consulting method; full book unavailable,memo-structure,,False,,,,medium-high direct method/low page detail
DIA-FND-01,DIA,Daniele Procida,Diátaxis,living website,framework,https://diataxis.fr/,action/cognition,reader activity axis,Document,documentation type mismatch,reader contract is violated or content is hard to find/use,content serves a different reader activity/context than the dominant framework contract,What is the reader doing and what do they know now?,"classify, bound, move, split, link, or repair type-specific content",Diagnose in context; apply the smallest supported change; run the semantic-preservation audit.,Use only when the observable signal causes the stated reader problem.,Marked form may be functional; consult the owning skill's exceptions.,"Mechanical application can change meaning, hierarchy, register, evidence, or voice.",A clean instance of the marked form should remain unchanged.,normative living framework,author framework; full site inspected; not universal cognitive taxonomy,doc-typing,,False,,,,high source/medium universality
DIA-FND-02,DIA,Daniele Procida,Diátaxis,living website,framework,https://diataxis.fr/,acquisition/application,reader-context axis,Document,documentation type mismatch,reader contract is violated or content is hard to find/use,content serves a different reader activity/context than the dominant framework contract,What is the reader doing and what do they know now?,"classify, bound, move, split, link, or repair type-specific content",Diagnose in context; apply the smallest supported change; run the semantic-preservation audit.,Use only when the observable signal causes the stated reader problem.,Marked form may be functional; consult the owning skill's exceptions.,"Mechanical application can change meaning, hierarchy, register, evidence, or voice.",A clean instance of the marked form should remain unchanged.,normative living framework,author framework; full site inspected; not universal cognitive taxonomy,doc-typing,,False,,,,high source/medium universality
DIA-FND-03,DIA,Daniele Procida,Diátaxis,living website,framework,https://diataxis.fr/,four needs,four-type map,Document,documentation type mismatch,reader contract is violated or content is hard to find/use,content serves a different reader activity/context than the dominant framework contract,What is the reader doing and what do they know now?,"classify, bound, move, split, link, or repair type-specific content",Diagnose in context; apply the smallest supported change; run the semantic-preservation audit.,Use only when the observable signal causes the stated reader problem.,Marked form may be functional; consult the owning skill's exceptions.,"Mechanical application can change meaning, hierarchy, register, evidence, or voice.",A clean instance of the marked form should remain unchanged.,normative living framework,author framework; full site inspected; not universal cognitive taxonomy,doc-typing,,False,,,,high source/medium universality
DIA-FND-04,DIA,Daniele Procida,Diátaxis,living website,framework,https://diataxis.fr/,architecture,needs-based information architecture,Document,documentation type mismatch,reader contract is violated or content is hard to find/use,content serves a different reader activity/context than the dominant framework contract,What is the reader doing and what do they know now?,"classify, bound, move, split, link, or repair type-specific content",Diagnose in context; apply the smallest supported change; run the semantic-preservation audit.,Use only when the observable signal causes the stated reader problem.,Marked form may be functional; consult the owning skill's exceptions.,"Mechanical application can change meaning, hierarchy, register, evidence, or voice.",A clean instance of the marked form should remain unchanged.,normative living framework,author framework; full site inspected; not universal cognitive taxonomy,doc-typing,,False,,,,high source/medium universality
DIA-CMP-01,DIA,Daniele Procida,Diátaxis,living website,framework,https://diataxis.fr/,compass,scale-sensitive task classification,Document,documentation type mismatch,reader contract is violated or content is hard to find/use,content serves a different reader activity/context than the dominant framework contract,What is the reader doing and what do they know now?,"classify, bound, move, split, link, or repair type-specific content",Diagnose in context; apply the smallest supported change; run the semantic-preservation audit.,Use only when the observable signal causes the stated reader problem.,Marked form may be functional; consult the owning skill's exceptions.,"Mechanical application can change meaning, hierarchy, register, evidence, or voice.",A clean instance of the marked form should remain unchanged.,normative living framework,author framework; full site inspected; not universal cognitive taxonomy,doc-typing,,False,,,,high source/medium universality
DIA-TUT-01,DIA,Daniele Procida,Diátaxis,living website,tutorial,https://diataxis.fr/,learning experience,managed acquisition through action,Document,documentation type mismatch,reader contract is violated or content is hard to find/use,content serves a different reader activity/context than the dominant tutorial contract,What is the reader doing and what do they know now?,"classify, bound, move, split, link, or repair type-specific content",Diagnose in context; apply the smallest supported change; run the semantic-preservation audit.,Use only when the observable signal causes the stated reader problem.,Marked form may be functional; consult the owning skill's exceptions.,"Mechanical application can change meaning, hierarchy, register, evidence, or voice.",A clean instance of the marked form should remain unchanged.,normative living framework,author framework; full site inspected; not universal cognitive taxonomy,doc-typing,,False,,,,high source/medium universality
DIA-TUT-02,DIA,Daniele Procida,Diátaxis,living website,tutorial,https://diataxis.fr/,meaningful activity,real learner achievement,Document,documentation type mismatch,reader contract is violated or content is hard to find/use,content serves a different reader activity/context than the dominant tutorial contract,What is the reader doing and what do they know now?,"classify, bound, move, split, link, or repair type-specific content",Diagnose in context; apply the smallest supported change; run the semantic-preservation audit.,Use only when the observable signal causes the stated reader problem.,Marked form may be functional; consult the owning skill's exceptions.,"Mechanical application can change meaning, hierarchy, register, evidence, or voice.",A clean instance of the marked form should remain unchanged.,normative living framework,author framework; full site inspected; not universal cognitive taxonomy,doc-typing,,False,,,,high source/medium universality
DIA-TUT-03,DIA,Daniele Procida,Diátaxis,living website,tutorial,https://diataxis.fr/,safe path,complete reliable sequence,Document,documentation type mismatch,reader contract is violated or content is hard to find/use,content serves a different reader activity/context than the dominant tutorial contract,What is the reader doing and what do they know now?,"classify, bound, move, split, link, or repair type-specific content",Diagnose in context; apply the smallest supported change; run the semantic-preservation audit.,Use only when the observable signal causes the stated reader problem.,Marked form may be functional; consult the owning skill's exceptions.,"Mechanical application can change meaning, hierarchy, register, evidence, or voice.",A clean instance of the marked form should remain unchanged.,normative living framework,author framework; full site inspected; not universal cognitive taxonomy,doc-typing,,False,,,,high source/medium universality
DIA-TUT-04,DIA,Daniele Procida,Diátaxis,living website,tutorial,https://diataxis.fr/,visible results,early/often feedback,Document,documentation type mismatch,reader contract is violated or content is hard to find/use,content serves a different reader activity/context than the dominant tutorial contract,What is the reader doing and what do they know now?,"classify, bound, move, split, link, or repair type-specific content",Diagnose in context; apply the smallest supported change; run the semantic-preservation audit.,Use only when the observable signal causes the stated reader problem.,Marked form may be functional; consult the owning skill's exceptions.,"Mechanical application can change meaning, hierarchy, register, evidence, or voice.",A clean instance of the marked form should remain unchanged.,normative living framework,author framework; full site inspected; not universal cognitive taxonomy,doc-typing,,False,,,,high source/medium universality
DIA-TUT-05,DIA,Daniele Procida,Diátaxis,living website,tutorial,https://diataxis.fr/,notice,observation cue,Document,documentation type mismatch,reader contract is violated or content is hard to find/use,content serves a different reader activity/context than the dominant tutorial contract,What is the reader doing and what do they know now?,"classify, bound, move, split, link, or repair type-specific content",Diagnose in context; apply the smallest supported change; run the semantic-preservation audit.,Use only when the observable signal causes the stated reader problem.,Marked form may be functional; consult the owning skill's exceptions.,"Mechanical application can change meaning, hierarchy, register, evidence, or voice.",A clean instance of the marked form should remain unchanged.,normative living framework,author framework; full site inspected; not universal cognitive taxonomy,doc-typing,,False,,,,high source/medium universality
DIA-TUT-06,DIA,Daniele Procida,Diátaxis,living website,tutorial,https://diataxis.fr/,repeatability,repeatable learning path,Document,documentation type mismatch,reader contract is violated or content is hard to find/use,content serves a different reader activity/context than the dominant tutorial contract,What is the reader doing and what do they know now?,"classify, bound, move, split, link, or repair type-specific content",Diagnose in context; apply the smallest supported change; run the semantic-preservation audit.,Use only when the observable signal causes the stated reader problem.,Marked form may be functional; consult the owning skill's exceptions.,"Mechanical application can change meaning, hierarchy, register, evidence, or voice.",A clean instance of the marked form should remain unchanged.,normative living framework,author framework; full site inspected; not universal cognitive taxonomy,doc-typing,,False,,,,high source/medium universality
DIA-TUT-07,DIA,Daniele Procida,Diátaxis,living website,tutorial,https://diataxis.fr/,test tutorial,learner validation,Document,documentation type mismatch,reader contract is violated or content is hard to find/use,content serves a different reader activity/context than the dominant tutorial contract,What is the reader doing and what do they know now?,"classify, bound, move, split, link, or repair type-specific content",Diagnose in context; apply the smallest supported change; run the semantic-preservation audit.,Use only when the observable signal causes the stated reader problem.,Marked form may be functional; consult the owning skill's exceptions.,"Mechanical application can change meaning, hierarchy, register, evidence, or voice.",A clean instance of the marked form should remain unchanged.,normative living framework,author framework; full site inspected; not universal cognitive taxonomy,doc-typing,,False,,,,high source/medium universality
DIA-HTG-01,DIA,Daniele Procida,Diátaxis,living website,how-to,https://diataxis.fr/,goal,real-world user goal,Document,documentation type mismatch,reader contract is violated or content is hard to find/use,content serves a different reader activity/context than the dominant how-to contract,What is the reader doing and what do they know now?,"classify, bound, move, split, link, or repair type-specific content",Diagnose in context; apply the smallest supported change; run the semantic-preservation audit.,Use only when the observable signal causes the stated reader problem.,Marked form may be functional; consult the owning skill's exceptions.,"Mechanical application can change meaning, hierarchy, register, evidence, or voice.",A clean instance of the marked form should remain unchanged.,normative living framework,author framework; full site inspected; not universal cognitive taxonomy,doc-typing,,False,,,,high source/medium universality
DIA-HTG-02,DIA,Daniele Procida,Diátaxis,living website,how-to,https://diataxis.fr/,competence,application context,Document,documentation type mismatch,reader contract is violated or content is hard to find/use,content serves a different reader activity/context than the dominant how-to contract,What is the reader doing and what do they know now?,"classify, bound, move, split, link, or repair type-specific content",Diagnose in context; apply the smallest supported change; run the semantic-preservation audit.,Use only when the observable signal causes the stated reader problem.,Marked form may be functional; consult the owning skill's exceptions.,"Mechanical application can change meaning, hierarchy, register, evidence, or voice.",A clean instance of the marked form should remain unchanged.,normative living framework,author framework; full site inspected; not universal cognitive taxonomy,doc-typing,,False,,,,high source/medium universality
DIA-HTG-03,DIA,Daniele Procida,Diátaxis,living website,how-to,https://diataxis.fr/,directions,adaptable executable sequence,Document,documentation type mismatch,reader contract is violated or content is hard to find/use,content serves a different reader activity/context than the dominant how-to contract,What is the reader doing and what do they know now?,"classify, bound, move, split, link, or repair type-specific content",Diagnose in context; apply the smallest supported change; run the semantic-preservation audit.,Use only when the observable signal causes the stated reader problem.,Marked form may be functional; consult the owning skill's exceptions.,"Mechanical application can change meaning, hierarchy, register, evidence, or voice.",A clean instance of the marked form should remain unchanged.,normative living framework,author framework; full site inspected; not universal cognitive taxonomy,doc-typing,,False,,,,high source/medium universality
DIA-HTG-04,DIA,Daniele Procida,Diátaxis,living website,how-to,https://diataxis.fr/,flow,task-ordered movement,Document,documentation type mismatch,reader contract is violated or content is hard to find/use,content serves a different reader activity/context than the dominant how-to contract,What is the reader doing and what do they know now?,"classify, bound, move, split, link, or repair type-specific content",Diagnose in context; apply the smallest supported change; run the semantic-preservation audit.,Use only when the observable signal causes the stated reader problem.,Marked form may be functional; consult the owning skill's exceptions.,"Mechanical application can change meaning, hierarchy, register, evidence, or voice.",A clean instance of the marked form should remain unchanged.,normative living framework,author framework; full site inspected; not universal cognitive taxonomy,doc-typing,,False,,,,high source/medium universality
DIA-HTG-05,DIA,Daniele Procida,Diátaxis,living website,how-to,https://diataxis.fr/,branching,necessary conditional action,Document,documentation type mismatch,reader contract is violated or content is hard to find/use,content serves a different reader activity/context than the dominant how-to contract,What is the reader doing and what do they know now?,"classify, bound, move, split, link, or repair type-specific content",Diagnose in context; apply the smallest supported change; run the semantic-preservation audit.,Use only when the observable signal causes the stated reader problem.,Marked form may be functional; consult the owning skill's exceptions.,"Mechanical application can change meaning, hierarchy, register, evidence, or voice.",A clean instance of the marked form should remain unchanged.,normative living framework,author framework; full site inspected; not universal cognitive taxonomy,doc-typing,,False,,,,high source/medium universality
DIA-HTG-06,DIA,Daniele Procida,Diátaxis,living website,how-to,https://diataxis.fr/,omit explanation,action focus,Document,documentation type mismatch,reader contract is violated or content is hard to find/use,content serves a different reader activity/context than the dominant how-to contract,What is the reader doing and what do they know now?,"classify, bound, move, split, link, or repair type-specific content",Diagnose in context; apply the smallest supported change; run the semantic-preservation audit.,Use only when the observable signal causes the stated reader problem.,Marked form may be functional; consult the owning skill's exceptions.,"Mechanical application can change meaning, hierarchy, register, evidence, or voice.",A clean instance of the marked form should remain unchanged.,normative living framework,author framework; full site inspected; not universal cognitive taxonomy,doc-typing,,False,,,,high source/medium universality
DIA-REF-01,DIA,Daniele Procida,Diátaxis,living website,reference,https://diataxis.fr/,technical description,machinery description,Document,documentation type mismatch,reader contract is violated or content is hard to find/use,content serves a different reader activity/context than the dominant reference contract,What is the reader doing and what do they know now?,"classify, bound, move, split, link, or repair type-specific content",Diagnose in context; apply the smallest supported change; run the semantic-preservation audit.,Use only when the observable signal causes the stated reader problem.,Marked form may be functional; consult the owning skill's exceptions.,"Mechanical application can change meaning, hierarchy, register, evidence, or voice.",A clean instance of the marked form should remain unchanged.,normative living framework,author framework; full site inspected; not universal cognitive taxonomy,doc-typing,,False,,,,high source/medium universality
DIA-REF-02,DIA,Daniele Procida,Diátaxis,living website,reference,https://diataxis.fr/,accuracy,fact validation,Document,documentation type mismatch,reader contract is violated or content is hard to find/use,content serves a different reader activity/context than the dominant reference contract,What is the reader doing and what do they know now?,"classify, bound, move, split, link, or repair type-specific content",Diagnose in context; apply the smallest supported change; run the semantic-preservation audit.,Use only when the observable signal causes the stated reader problem.,Marked form may be functional; consult the owning skill's exceptions.,"Mechanical application can change meaning, hierarchy, register, evidence, or voice.",A clean instance of the marked form should remain unchanged.,normative living framework,author framework; full site inspected; not universal cognitive taxonomy,doc-typing,,False,,,,high source/medium universality
DIA-REF-03,DIA,Daniele Procida,Diátaxis,living website,reference,https://diataxis.fr/,completeness,scope-bounded completeness,Document,documentation type mismatch,reader contract is violated or content is hard to find/use,content serves a different reader activity/context than the dominant reference contract,What is the reader doing and what do they know now?,"classify, bound, move, split, link, or repair type-specific content",Diagnose in context; apply the smallest supported change; run the semantic-preservation audit.,Use only when the observable signal causes the stated reader problem.,Marked form may be functional; consult the owning skill's exceptions.,"Mechanical application can change meaning, hierarchy, register, evidence, or voice.",A clean instance of the marked form should remain unchanged.,normative living framework,author framework; full site inspected; not universal cognitive taxonomy,doc-typing,,False,,,,high source/medium universality
DIA-REF-04,DIA,Daniele Procida,Diátaxis,living website,reference,https://diataxis.fr/,neutrality,austere factual style,Document,documentation type mismatch,reader contract is violated or content is hard to find/use,content serves a different reader activity/context than the dominant reference contract,What is the reader doing and what do they know now?,"classify, bound, move, split, link, or repair type-specific content",Diagnose in context; apply the smallest supported change; run the semantic-preservation audit.,Use only when the observable signal causes the stated reader problem.,Marked form may be functional; consult the owning skill's exceptions.,"Mechanical application can change meaning, hierarchy, register, evidence, or voice.",A clean instance of the marked form should remain unchanged.,normative living framework,author framework; full site inspected; not universal cognitive taxonomy,doc-typing,,False,,,,high source/medium universality
DIA-REF-05,DIA,Daniele Procida,Diátaxis,living website,reference,https://diataxis.fr/,mirror structure,product-shaped architecture,Document,documentation type mismatch,reader contract is violated or content is hard to find/use,content serves a different reader activity/context than the dominant reference contract,What is the reader doing and what do they know now?,"classify, bound, move, split, link, or repair type-specific content",Diagnose in context; apply the smallest supported change; run the semantic-preservation audit.,Use only when the observable signal causes the stated reader problem.,Marked form may be functional; consult the owning skill's exceptions.,"Mechanical application can change meaning, hierarchy, register, evidence, or voice.",A clean instance of the marked form should remain unchanged.,normative living framework,author framework; full site inspected; not universal cognitive taxonomy,doc-typing,,False,,,,high source/medium universality
DIA-REF-06,DIA,Daniele Procida,Diátaxis,living website,reference,https://diataxis.fr/,standard patterns,consistent lookup schema,Document,documentation type mismatch,reader contract is violated or content is hard to find/use,content serves a different reader activity/context than the dominant reference contract,What is the reader doing and what do they know now?,"classify, bound, move, split, link, or repair type-specific content",Diagnose in context; apply the smallest supported change; run the semantic-preservation audit.,Use only when the observable signal causes the stated reader problem.,Marked form may be functional; consult the owning skill's exceptions.,"Mechanical application can change meaning, hierarchy, register, evidence, or voice.",A clean instance of the marked form should remain unchanged.,normative living framework,author framework; full site inspected; not universal cognitive taxonomy,doc-typing,,False,,,,high source/medium universality
DIA-REF-07,DIA,Daniele Procida,Diátaxis,living website,reference,https://diataxis.fr/,illustration,brief factual example,Document,documentation type mismatch,reader contract is violated or content is hard to find/use,content serves a different reader activity/context than the dominant reference contract,What is the reader doing and what do they know now?,"classify, bound, move, split, link, or repair type-specific content",Diagnose in context; apply the smallest supported change; run the semantic-preservation audit.,Use only when the observable signal causes the stated reader problem.,Marked form may be functional; consult the owning skill's exceptions.,"Mechanical application can change meaning, hierarchy, register, evidence, or voice.",A clean instance of the marked form should remain unchanged.,normative living framework,author framework; full site inspected; not universal cognitive taxonomy,doc-typing,,False,,,,high source/medium universality
DIA-EXP-01,DIA,Daniele Procida,Diátaxis,living website,explanation,https://diataxis.fr/,understanding,cognitive acquisition,Document,documentation type mismatch,reader contract is violated or content is hard to find/use,content serves a different reader activity/context than the dominant explanation contract,What is the reader doing and what do they know now?,"classify, bound, move, split, link, or repair type-specific content",Diagnose in context; apply the smallest supported change; run the semantic-preservation audit.,Use only when the observable signal causes the stated reader problem.,Marked form may be functional; consult the owning skill's exceptions.,"Mechanical application can change meaning, hierarchy, register, evidence, or voice.",A clean instance of the marked form should remain unchanged.,normative living framework,author framework; full site inspected; not universal cognitive taxonomy,doc-typing,,False,,,,high source/medium universality
DIA-EXP-02,DIA,Daniele Procida,Diátaxis,living website,explanation,https://diataxis.fr/,context,background frame,Document,documentation type mismatch,reader contract is violated or content is hard to find/use,content serves a different reader activity/context than the dominant explanation contract,What is the reader doing and what do they know now?,"classify, bound, move, split, link, or repair type-specific content",Diagnose in context; apply the smallest supported change; run the semantic-preservation audit.,Use only when the observable signal causes the stated reader problem.,Marked form may be functional; consult the owning skill's exceptions.,"Mechanical application can change meaning, hierarchy, register, evidence, or voice.",A clean instance of the marked form should remain unchanged.,normative living framework,author framework; full site inspected; not universal cognitive taxonomy,doc-typing,,False,,,,high source/medium universality
DIA-EXP-03,DIA,Daniele Procida,Diátaxis,living website,explanation,https://diataxis.fr/,connections,conceptual relations,Document,documentation type mismatch,reader contract is violated or content is hard to find/use,content serves a different reader activity/context than the dominant explanation contract,What is the reader doing and what do they know now?,"classify, bound, move, split, link, or repair type-specific content",Diagnose in context; apply the smallest supported change; run the semantic-preservation audit.,Use only when the observable signal causes the stated reader problem.,Marked form may be functional; consult the owning skill's exceptions.,"Mechanical application can change meaning, hierarchy, register, evidence, or voice.",A clean instance of the marked form should remain unchanged.,normative living framework,author framework; full site inspected; not universal cognitive taxonomy,doc-typing,,False,,,,high source/medium universality
DIA-EXP-04,DIA,Daniele Procida,Diátaxis,living website,explanation,https://diataxis.fr/,alternatives,tradeoff/perspective,Document,documentation type mismatch,reader contract is violated or content is hard to find/use,content serves a different reader activity/context than the dominant explanation contract,What is the reader doing and what do they know now?,"classify, bound, move, split, link, or repair type-specific content",Diagnose in context; apply the smallest supported change; run the semantic-preservation audit.,Use only when the observable signal causes the stated reader problem.,Marked form may be functional; consult the owning skill's exceptions.,"Mechanical application can change meaning, hierarchy, register, evidence, or voice.",A clean instance of the marked form should remain unchanged.,normative living framework,author framework; full site inspected; not universal cognitive taxonomy,doc-typing,,False,,,,high source/medium universality
DIA-EXP-05,DIA,Daniele Procida,Diátaxis,living website,explanation,https://diataxis.fr/,bounded topic,scope boundary,Document,documentation type mismatch,reader contract is violated or content is hard to find/use,content serves a different reader activity/context than the dominant explanation contract,What is the reader doing and what do they know now?,"classify, bound, move, split, link, or repair type-specific content",Diagnose in context; apply the smallest supported change; run the semantic-preservation audit.,Use only when the observable signal causes the stated reader problem.,Marked form may be functional; consult the owning skill's exceptions.,"Mechanical application can change meaning, hierarchy, register, evidence, or voice.",A clean instance of the marked form should remain unchanged.,normative living framework,author framework; full site inspected; not universal cognitive taxonomy,doc-typing,,False,,,,high source/medium universality
DIA-EXP-06,DIA,Daniele Procida,Diátaxis,living website,explanation,https://diataxis.fr/,reflection,why-oriented discussion,Document,documentation type mismatch,reader contract is violated or content is hard to find/use,content serves a different reader activity/context than the dominant explanation contract,What is the reader doing and what do they know now?,"classify, bound, move, split, link, or repair type-specific content",Diagnose in context; apply the smallest supported change; run the semantic-preservation audit.,Use only when the observable signal causes the stated reader problem.,Marked form may be functional; consult the owning skill's exceptions.,"Mechanical application can change meaning, hierarchy, register, evidence, or voice.",A clean instance of the marked form should remain unchanged.,normative living framework,author framework; full site inspected; not universal cognitive taxonomy,doc-typing,,False,,,,high source/medium universality
DIA-APP-01,DIA,Daniele Procida,Diátaxis,living website,framework,https://diataxis.fr/,add/move/remove/change,incremental migration,Document,documentation type mismatch,reader contract is violated or content is hard to find/use,content serves a different reader activity/context than the dominant framework contract,What is the reader doing and what do they know now?,"classify, bound, move, split, link, or repair type-specific content",Diagnose in context; apply the smallest supported change; run the semantic-preservation audit.,Use only when the observable signal causes the stated reader problem.,Marked form may be functional; consult the owning skill's exceptions.,"Mechanical application can change meaning, hierarchy, register, evidence, or voice.",A clean instance of the marked form should remain unchanged.,normative living framework,author framework; full site inspected; not universal cognitive taxonomy,doc-typing,,False,,,,high source/medium universality
DIA-APP-02,DIA,Daniele Procida,Diátaxis,living website,framework,https://diataxis.fr/,do not impose structure,non-formulaic application,Document,documentation type mismatch,reader contract is violated or content is hard to find/use,content serves a different reader activity/context than the dominant framework contract,What is the reader doing and what do they know now?,"classify, bound, move, split, link, or repair type-specific content",Diagnose in context; apply the smallest supported change; run the semantic-preservation audit.,Use only when the observable signal causes the stated reader problem.,Marked form may be functional; consult the owning skill's exceptions.,"Mechanical application can change meaning, hierarchy, register, evidence, or voice.",A clean instance of the marked form should remain unchanged.,normative living framework,author framework; full site inspected; not universal cognitive taxonomy,doc-typing,,False,,,,high source/medium universality
DIA-APP-03,DIA,Daniele Procida,Diátaxis,living website,framework,https://diataxis.fr/,close-up compass,section-level typing,Document,documentation type mismatch,reader contract is violated or content is hard to find/use,content serves a different reader activity/context than the dominant framework contract,What is the reader doing and what do they know now?,"classify, bound, move, split, link, or repair type-specific content",Diagnose in context; apply the smallest supported change; run the semantic-preservation audit.,Use only when the observable signal causes the stated reader problem.,Marked form may be functional; consult the owning skill's exceptions.,"Mechanical application can change meaning, hierarchy, register, evidence, or voice.",A clean instance of the marked form should remain unchanged.,normative living framework,author framework; full site inspected; not universal cognitive taxonomy,doc-typing,,False,,,,high source/medium universality
DIA-APP-04,DIA,Daniele Procida,Diátaxis,living website,framework,https://diataxis.fr/,workflow,iterative maintenance,Document,documentation type mismatch,reader contract is violated or content is hard to find/use,content serves a different reader activity/context than the dominant framework contract,What is the reader doing and what do they know now?,"classify, bound, move, split, link, or repair type-specific content",Diagnose in context; apply the smallest supported change; run the semantic-preservation audit.,Use only when the observable signal causes the stated reader problem.,Marked form may be functional; consult the owning skill's exceptions.,"Mechanical application can change meaning, hierarchy, register, evidence, or voice.",A clean instance of the marked form should remain unchanged.,normative living framework,author framework; full site inspected; not universal cognitive taxonomy,doc-typing,,False,,,,high source/medium universality
DIA-QUAL-01,DIA,Daniele Procida,Diátaxis,living website,framework,https://diataxis.fr/,accuracy,functional quality,Document,documentation type mismatch,reader contract is violated or content is hard to find/use,content serves a different reader activity/context than the dominant framework contract,What is the reader doing and what do they know now?,"classify, bound, move, split, link, or repair type-specific content",Diagnose in context; apply the smallest supported change; run the semantic-preservation audit.,Use only when the observable signal causes the stated reader problem.,Marked form may be functional; consult the owning skill's exceptions.,"Mechanical application can change meaning, hierarchy, register, evidence, or voice.",A clean instance of the marked form should remain unchanged.,normative living framework,author framework; full site inspected; not universal cognitive taxonomy,doc-typing,,False,,,,high source/medium universality
DIA-QUAL-02,DIA,Daniele Procida,Diátaxis,living website,framework,https://diataxis.fr/,completeness/consistency/precision,functional quality set,Document,documentation type mismatch,reader contract is violated or content is hard to find/use,content serves a different reader activity/context than the dominant framework contract,What is the reader doing and what do they know now?,"classify, bound, move, split, link, or repair type-specific content",Diagnose in context; apply the smallest supported change; run the semantic-preservation audit.,Use only when the observable signal causes the stated reader problem.,Marked form may be functional; consult the owning skill's exceptions.,"Mechanical application can change meaning, hierarchy, register, evidence, or voice.",A clean instance of the marked form should remain unchanged.,normative living framework,author framework; full site inspected; not universal cognitive taxonomy,doc-typing,,False,,,,high source/medium universality
DIA-QUAL-03,DIA,Daniele Procida,Diátaxis,living website,framework,https://diataxis.fr/,deep quality,contextual fit/flow,Document,documentation type mismatch,reader contract is violated or content is hard to find/use,content serves a different reader activity/context than the dominant framework contract,What is the reader doing and what do they know now?,"classify, bound, move, split, link, or repair type-specific content",Diagnose in context; apply the smallest supported change; run the semantic-preservation audit.,Use only when the observable signal causes the stated reader problem.,Marked form may be functional; consult the owning skill's exceptions.,"Mechanical application can change meaning, hierarchy, register, evidence, or voice.",A clean instance of the marked form should remain unchanged.,normative living framework,author framework; full site inspected; not universal cognitive taxonomy,doc-typing,,False,,,,high source/medium universality
DIA-QUAL-04,DIA,Daniele Procida,Diátaxis,living website,framework,https://diataxis.fr/,expose gaps,"typing as diagnostic, not guarantee",Document,documentation type mismatch,reader contract is violated or content is hard to find/use,content serves a different reader activity/context than the dominant framework contract,What is the reader doing and what do they know now?,"classify, bound, move, split, link, or repair type-specific content",Diagnose in context; apply the smallest supported change; run the semantic-preservation audit.,Use only when the observable signal causes the stated reader problem.,Marked form may be functional; consult the owning skill's exceptions.,"Mechanical application can change meaning, hierarchy, register, evidence, or voice.",A clean instance of the marked form should remain unchanged.,normative living framework,author framework; full site inspected; not universal cognitive taxonomy,doc-typing,,False,,,,high source/medium universality
GAR-META-01,GAR5,Bryan A. Garner,Garner's Modern English Usage,5th,front matter/A–Z method,https://global.oup.com/academic/product/garners-modern-english-usage-9780197599020,exact issue framing,exact issue framing,Usage or convention,decontextualized verdict,reader receives unsupported right/wrong claim,issue lacks exact context dimension,"Which form, sense, construction, audience, register, region, field, and date control?",narrow issue and condition verdict,Diagnose in context; apply the smallest supported change; run the semantic-preservation audit.,Use only when the observable signal causes the stated reader problem.,Marked form may be functional; consult the owning skill's exceptions.,"Mechanical application can change meaning, hierarchy, register, evidence, or voice.",A clean instance of the marked form should remain unchanged.,rhetorical heuristic,usage lexicography; full 5e corpus unavailable,usage-adjudicator,,False,,,,medium
GAR-META-02,GAR5,Bryan A. Garner,Garner's Modern English Usage,5th,front matter/A–Z method,https://global.oup.com/academic/product/garners-modern-english-usage-9780197599020,grammar/style distinction,grammar/style distinction,Usage or convention,decontextualized verdict,reader receives unsupported right/wrong claim,issue lacks exact context dimension,"Which form, sense, construction, audience, register, region, field, and date control?",narrow issue and condition verdict,Diagnose in context; apply the smallest supported change; run the semantic-preservation audit.,Use only when the observable signal causes the stated reader problem.,Marked form may be functional; consult the owning skill's exceptions.,"Mechanical application can change meaning, hierarchy, register, evidence, or voice.",A clean instance of the marked form should remain unchanged.,rhetorical heuristic,usage lexicography; full 5e corpus unavailable,usage-adjudicator,,False,,,,medium
GAR-META-03,GAR5,Bryan A. Garner,Garner's Modern English Usage,5th,front matter/A–Z method,https://global.oup.com/academic/product/garners-modern-english-usage-9780197599020,sense/construction disambiguation,sense/construction disambiguation,Usage or convention,decontextualized verdict,reader receives unsupported right/wrong claim,issue lacks exact context dimension,"Which form, sense, construction, audience, register, region, field, and date control?",narrow issue and condition verdict,Diagnose in context; apply the smallest supported change; run the semantic-preservation audit.,Use only when the observable signal causes the stated reader problem.,Marked form may be functional; consult the owning skill's exceptions.,"Mechanical application can change meaning, hierarchy, register, evidence, or voice.",A clean instance of the marked form should remain unchanged.,rhetorical heuristic,usage lexicography; full 5e corpus unavailable,usage-adjudicator,,False,,,,medium
GAR-META-04,GAR5,Bryan A. Garner,Garner's Modern English Usage,5th,front matter/A–Z method,https://global.oup.com/academic/product/garners-modern-english-usage-9780197599020,register,register,Usage or convention,decontextualized verdict,reader receives unsupported right/wrong claim,issue lacks exact context dimension,"Which form, sense, construction, audience, register, region, field, and date control?",narrow issue and condition verdict,Diagnose in context; apply the smallest supported change; run the semantic-preservation audit.,Use only when the observable signal causes the stated reader problem.,Marked form may be functional; consult the owning skill's exceptions.,"Mechanical application can change meaning, hierarchy, register, evidence, or voice.",A clean instance of the marked form should remain unchanged.,rhetorical heuristic,usage lexicography; full 5e corpus unavailable,usage-adjudicator,,False,,,,medium
GAR-META-05,GAR5,Bryan A. Garner,Garner's Modern English Usage,5th,front matter/A–Z method,https://global.oup.com/academic/product/garners-modern-english-usage-9780197599020,formality,formality,Usage or convention,decontextualized verdict,reader receives unsupported right/wrong claim,issue lacks exact context dimension,"Which form, sense, construction, audience, register, region, field, and date control?",narrow issue and condition verdict,Diagnose in context; apply the smallest supported change; run the semantic-preservation audit.,Use only when the observable signal causes the stated reader problem.,Marked form may be functional; consult the owning skill's exceptions.,"Mechanical application can change meaning, hierarchy, register, evidence, or voice.",A clean instance of the marked form should remain unchanged.,rhetorical heuristic,usage lexicography; full 5e corpus unavailable,usage-adjudicator,,False,,,,medium
GAR-META-06,GAR5,Bryan A. Garner,Garner's Modern English Usage,5th,front matter/A–Z method,https://global.oup.com/academic/product/garners-modern-english-usage-9780197599020,dialect/region,dialect/region,Usage or convention,decontextualized verdict,reader receives unsupported right/wrong claim,issue lacks exact context dimension,"Which form, sense, construction, audience, register, region, field, and date control?",narrow issue and condition verdict,Diagnose in context; apply the smallest supported change; run the semantic-preservation audit.,Use only when the observable signal causes the stated reader problem.,Marked form may be functional; consult the owning skill's exceptions.,"Mechanical application can change meaning, hierarchy, register, evidence, or voice.",A clean instance of the marked form should remain unchanged.,rhetorical heuristic,usage lexicography; full 5e corpus unavailable,usage-adjudicator,,False,,,,medium
GAR-META-07,GAR5,Bryan A. Garner,Garner's Modern English Usage,5th,front matter/A–Z method,https://global.oup.com/academic/product/garners-modern-english-usage-9780197599020,World English variety,World English variety,Usage or convention,decontextualized verdict,reader receives unsupported right/wrong claim,issue lacks exact context dimension,"Which form, sense, construction, audience, register, region, field, and date control?",narrow issue and condition verdict,Diagnose in context; apply the smallest supported change; run the semantic-preservation audit.,Use only when the observable signal causes the stated reader problem.,Marked form may be functional; consult the owning skill's exceptions.,"Mechanical application can change meaning, hierarchy, register, evidence, or voice.",A clean instance of the marked form should remain unchanged.,rhetorical heuristic,usage lexicography; full 5e corpus unavailable,usage-adjudicator,,False,,,,medium
GAR-META-08,GAR5,Bryan A. Garner,Garner's Modern English Usage,5th,front matter/A–Z method,https://global.oup.com/academic/product/garners-modern-english-usage-9780197599020,field/medium,field/medium,Usage or convention,decontextualized verdict,reader receives unsupported right/wrong claim,issue lacks exact context dimension,"Which form, sense, construction, audience, register, region, field, and date control?",narrow issue and condition verdict,Diagnose in context; apply the smallest supported change; run the semantic-preservation audit.,Use only when the observable signal causes the stated reader problem.,Marked form may be functional; consult the owning skill's exceptions.,"Mechanical application can change meaning, hierarchy, register, evidence, or voice.",A clean instance of the marked form should remain unchanged.,rhetorical heuristic,usage lexicography; full 5e corpus unavailable,usage-adjudicator,,False,,,,medium
GAR-META-09,GAR5,Bryan A. Garner,Garner's Modern English Usage,5th,front matter/A–Z method,https://global.oup.com/academic/product/garners-modern-english-usage-9780197599020,time sensitivity,time sensitivity,Usage or convention,decontextualized verdict,reader receives unsupported right/wrong claim,issue lacks exact context dimension,"Which form, sense, construction, audience, register, region, field, and date control?",narrow issue and condition verdict,Diagnose in context; apply the smallest supported change; run the semantic-preservation audit.,Use only when the observable signal causes the stated reader problem.,Marked form may be functional; consult the owning skill's exceptions.,"Mechanical application can change meaning, hierarchy, register, evidence, or voice.",A clean instance of the marked form should remain unchanged.,rhetorical heuristic,usage lexicography; full 5e corpus unavailable,usage-adjudicator,,False,,,,medium
GAR-LCI-01,GAR5,Bryan A. Garner,Garner's Modern English Usage,5th,Language-Change Index,https://global.oup.com/academic/product/garners-modern-english-usage-9780197599020,Stage 1 rejected,rejected,Usage or convention,misreported acceptance,stage is treated as grammar/frequency/timeless law,stage is inferred or stripped of context,Is the stage verified in the exact entry/edition?,report Garner stage separately and date it,Diagnose in context; apply the smallest supported change; run the semantic-preservation audit.,Use only when the observable signal causes the stated reader problem.,Marked form may be functional; consult the owning skill's exceptions.,"Mechanical application can change meaning, hierarchy, register, evidence, or voice.",A clean instance of the marked form should remain unchanged.,rhetorical heuristic,first-party prescriptive acceptance scale,usage-adjudicator,,False,,,,high definition/low uninspected issue
GAR-LCI-02,GAR5,Bryan A. Garner,Garner's Modern English Usage,5th,Language-Change Index,https://global.oup.com/academic/product/garners-modern-english-usage-9780197599020,Stage 2 widely shunned,widely shunned,Usage or convention,misreported acceptance,stage is treated as grammar/frequency/timeless law,stage is inferred or stripped of context,Is the stage verified in the exact entry/edition?,report Garner stage separately and date it,Diagnose in context; apply the smallest supported change; run the semantic-preservation audit.,Use only when the observable signal causes the stated reader problem.,Marked form may be functional; consult the owning skill's exceptions.,"Mechanical application can change meaning, hierarchy, register, evidence, or voice.",A clean instance of the marked form should remain unchanged.,rhetorical heuristic,first-party prescriptive acceptance scale,usage-adjudicator,,False,,,,high definition/low uninspected issue
GAR-LCI-03,GAR5,Bryan A. Garner,Garner's Modern English Usage,5th,Language-Change Index,https://global.oup.com/academic/product/garners-modern-english-usage-9780197599020,Stage 3 widespread but…,widespread but avoided in careful usage,Usage or convention,misreported acceptance,stage is treated as grammar/frequency/timeless law,stage is inferred or stripped of context,Is the stage verified in the exact entry/edition?,report Garner stage separately and date it,Diagnose in context; apply the smallest supported change; run the semantic-preservation audit.,Use only when the observable signal causes the stated reader problem.,Marked form may be functional; consult the owning skill's exceptions.,"Mechanical application can change meaning, hierarchy, register, evidence, or voice.",A clean instance of the marked form should remain unchanged.,rhetorical heuristic,first-party prescriptive acceptance scale,usage-adjudicator,,False,,,,high definition/low uninspected issue
GAR-LCI-04,GAR5,Bryan A. Garner,Garner's Modern English Usage,5th,Language-Change Index,https://global.oup.com/academic/product/garners-modern-english-usage-9780197599020,Stage 4 ubiquitous but…,ubiquitous with residual objection,Usage or convention,misreported acceptance,stage is treated as grammar/frequency/timeless law,stage is inferred or stripped of context,Is the stage verified in the exact entry/edition?,report Garner stage separately and date it,Diagnose in context; apply the smallest supported change; run the semantic-preservation audit.,Use only when the observable signal causes the stated reader problem.,Marked form may be functional; consult the owning skill's exceptions.,"Mechanical application can change meaning, hierarchy, register, evidence, or voice.",A clean instance of the marked form should remain unchanged.,rhetorical heuristic,first-party prescriptive acceptance scale,usage-adjudicator,,False,,,,high definition/low uninspected issue
GAR-LCI-05,GAR5,Bryan A. Garner,Garner's Modern English Usage,5th,Language-Change Index,https://global.oup.com/academic/product/garners-modern-english-usage-9780197599020,Stage 5 fully accepted,fully accepted,Usage or convention,misreported acceptance,stage is treated as grammar/frequency/timeless law,stage is inferred or stripped of context,Is the stage verified in the exact entry/edition?,report Garner stage separately and date it,Diagnose in context; apply the smallest supported change; run the semantic-preservation audit.,Use only when the observable signal causes the stated reader problem.,Marked form may be functional; consult the owning skill's exceptions.,"Mechanical application can change meaning, hierarchy, register, evidence, or voice.",A clean instance of the marked form should remain unchanged.,rhetorical heuristic,first-party prescriptive acceptance scale,usage-adjudicator,,False,,,,high definition/low uninspected issue
GAR-LCI-06,GAR5,Bryan A. Garner,Garner's Modern English Usage,5th,Language-Change Index,https://global.oup.com/academic/product/garners-modern-english-usage-9780197599020,index purpose,acceptance-change scale,Usage or convention,misreported acceptance,stage is treated as grammar/frequency/timeless law,stage is inferred or stripped of context,Is the stage verified in the exact entry/edition?,report Garner stage separately and date it,Diagnose in context; apply the smallest supported change; run the semantic-preservation audit.,Use only when the observable signal causes the stated reader problem.,Marked form may be functional; consult the owning skill's exceptions.,"Mechanical application can change meaning, hierarchy, register, evidence, or voice.",A clean instance of the marked form should remain unchanged.,rhetorical heuristic,first-party prescriptive acceptance scale,usage-adjudicator,,False,,,,high definition/low uninspected issue
GAR-LCI-07,GAR5,Bryan A. Garner,Garner's Modern English Usage,5th,Language-Change Index,https://global.oup.com/academic/product/garners-modern-english-usage-9780197599020,asterisk,invariably inferior marker,Usage or convention,misreported acceptance,stage is treated as grammar/frequency/timeless law,stage is inferred or stripped of context,Is the stage verified in the exact entry/edition?,report Garner stage separately and date it,Diagnose in context; apply the smallest supported change; run the semantic-preservation audit.,Use only when the observable signal causes the stated reader problem.,Marked form may be functional; consult the owning skill's exceptions.,"Mechanical application can change meaning, hierarchy, register, evidence, or voice.",A clean instance of the marked form should remain unchanged.,rhetorical heuristic,first-party prescriptive acceptance scale,usage-adjudicator,,False,,,,high definition/low uninspected issue
GAR-EV-01,GAR5,Bryan A. Garner,Garner's Modern English Usage,5th,evidence protocol (derived),https://global.oup.com/academic/product/garners-modern-english-usage-9780197599020,dictionary triangulation,dictionary triangulation,Usage or convention,stale or biased evidence,recommendation misstates present usage,single authority/raw count controls,"What current, register-matched evidence corroborates or conflicts?",triangulate and document limits,Diagnose in context; apply the smallest supported change; run the semantic-preservation audit.,Use only when the observable signal causes the stated reader problem.,Marked form may be functional; consult the owning skill's exceptions.,"Mechanical application can change meaning, hierarchy, register, evidence, or voice.",A clean instance of the marked form should remain unchanged.,derived evidence protocol,portfolio method using authoritative corpora/dictionaries,usage-adjudicator,,False,,,,high method
GAR-EV-02,GAR5,Bryan A. Garner,Garner's Modern English Usage,5th,evidence protocol (derived),https://global.oup.com/academic/product/garners-modern-english-usage-9780197599020,balanced corpus,balanced corpus,Usage or convention,stale or biased evidence,recommendation misstates present usage,single authority/raw count controls,"What current, register-matched evidence corroborates or conflicts?",triangulate and document limits,Diagnose in context; apply the smallest supported change; run the semantic-preservation audit.,Use only when the observable signal causes the stated reader problem.,Marked form may be functional; consult the owning skill's exceptions.,"Mechanical application can change meaning, hierarchy, register, evidence, or voice.",A clean instance of the marked form should remain unchanged.,derived evidence protocol,portfolio method using authoritative corpora/dictionaries,usage-adjudicator,,False,,,,high method
GAR-EV-03,GAR5,Bryan A. Garner,Garner's Modern English Usage,5th,evidence protocol (derived),https://global.oup.com/academic/product/garners-modern-english-usage-9780197599020,recent monitor corpus,recent monitor corpus,Usage or convention,stale or biased evidence,recommendation misstates present usage,single authority/raw count controls,"What current, register-matched evidence corroborates or conflicts?",triangulate and document limits,Diagnose in context; apply the smallest supported change; run the semantic-preservation audit.,Use only when the observable signal causes the stated reader problem.,Marked form may be functional; consult the owning skill's exceptions.,"Mechanical application can change meaning, hierarchy, register, evidence, or voice.",A clean instance of the marked form should remain unchanged.,derived evidence protocol,portfolio method using authoritative corpora/dictionaries,usage-adjudicator,,False,,,,high method
GAR-EV-04,GAR5,Bryan A. Garner,Garner's Modern English Usage,5th,evidence protocol (derived),https://global.oup.com/academic/product/garners-modern-english-usage-9780197599020,regional corpus,regional corpus,Usage or convention,stale or biased evidence,recommendation misstates present usage,single authority/raw count controls,"What current, register-matched evidence corroborates or conflicts?",triangulate and document limits,Diagnose in context; apply the smallest supported change; run the semantic-preservation audit.,Use only when the observable signal causes the stated reader problem.,Marked form may be functional; consult the owning skill's exceptions.,"Mechanical application can change meaning, hierarchy, register, evidence, or voice.",A clean instance of the marked form should remain unchanged.,derived evidence protocol,portfolio method using authoritative corpora/dictionaries,usage-adjudicator,,False,,,,high method
GAR-EV-05,GAR5,Bryan A. Garner,Garner's Modern English Usage,5th,evidence protocol (derived),https://global.oup.com/academic/product/garners-modern-english-usage-9780197599020,normalized frequency,normalized frequency,Usage or convention,stale or biased evidence,recommendation misstates present usage,single authority/raw count controls,"What current, register-matched evidence corroborates or conflicts?",triangulate and document limits,Diagnose in context; apply the smallest supported change; run the semantic-preservation audit.,Use only when the observable signal causes the stated reader problem.,Marked form may be functional; consult the owning skill's exceptions.,"Mechanical application can change meaning, hierarchy, register, evidence, or voice.",A clean instance of the marked form should remain unchanged.,derived evidence protocol,portfolio method using authoritative corpora/dictionaries,usage-adjudicator,,False,,,,high method
GAR-EV-06,GAR5,Bryan A. Garner,Garner's Modern English Usage,5th,evidence protocol (derived),https://global.oup.com/academic/product/garners-modern-english-usage-9780197599020,concordance context,concordance context,Usage or convention,stale or biased evidence,recommendation misstates present usage,single authority/raw count controls,"What current, register-matched evidence corroborates or conflicts?",triangulate and document limits,Diagnose in context; apply the smallest supported change; run the semantic-preservation audit.,Use only when the observable signal causes the stated reader problem.,Marked form may be functional; consult the owning skill's exceptions.,"Mechanical application can change meaning, hierarchy, register, evidence, or voice.",A clean instance of the marked form should remain unchanged.,derived evidence protocol,portfolio method using authoritative corpora/dictionaries,usage-adjudicator,,False,,,,high method
GAR-EV-07,GAR5,Bryan A. Garner,Garner's Modern English Usage,5th,evidence protocol (derived),https://global.oup.com/academic/product/garners-modern-english-usage-9780197599020,field/house authority,field/house authority,Usage or convention,stale or biased evidence,recommendation misstates present usage,single authority/raw count controls,"What current, register-matched evidence corroborates or conflicts?",triangulate and document limits,Diagnose in context; apply the smallest supported change; run the semantic-preservation audit.,Use only when the observable signal causes the stated reader problem.,Marked form may be functional; consult the owning skill's exceptions.,"Mechanical application can change meaning, hierarchy, register, evidence, or voice.",A clean instance of the marked form should remain unchanged.,derived evidence protocol,portfolio method using authoritative corpora/dictionaries,usage-adjudicator,,False,,,,high method
GAR-EV-08,GAR5,Bryan A. Garner,Garner's Modern English Usage,5th,evidence protocol (derived),https://global.oup.com/academic/product/garners-modern-english-usage-9780197599020,query/retrieval record,query/retrieval record,Usage or convention,stale or biased evidence,recommendation misstates present usage,single authority/raw count controls,"What current, register-matched evidence corroborates or conflicts?",triangulate and document limits,Diagnose in context; apply the smallest supported change; run the semantic-preservation audit.,Use only when the observable signal causes the stated reader problem.,Marked form may be functional; consult the owning skill's exceptions.,"Mechanical application can change meaning, hierarchy, register, evidence, or voice.",A clean instance of the marked form should remain unchanged.,derived evidence protocol,portfolio method using authoritative corpora/dictionaries,usage-adjudicator,,False,,,,high method
GAR-DEC-01,GAR5,Bryan A. Garner,Garner's Modern English Usage,5th,decision procedure (derived),https://global.oup.com/academic/product/garners-modern-english-usage-9780197599020,contextual status,contextual status,Usage or convention,unsupported adjudication,reader cannot act on nuanced dispute,verdict lacks one output component,"Does the answer separate authority, current evidence, and recommendation?",return five-part contextual adjudication,Diagnose in context; apply the smallest supported change; run the semantic-preservation audit.,Use only when the observable signal causes the stated reader problem.,Marked form may be functional; consult the owning skill's exceptions.,"Mechanical application can change meaning, hierarchy, register, evidence, or voice.",A clean instance of the marked form should remain unchanged.,derived operational procedure,normative/case-supported; not universal empirical law,usage-adjudicator,,False,,,,high design
GAR-DEC-02,GAR5,Bryan A. Garner,Garner's Modern English Usage,5th,decision procedure (derived),https://global.oup.com/academic/product/garners-modern-english-usage-9780197599020,Garner position,Garner position,Usage or convention,unsupported adjudication,reader cannot act on nuanced dispute,verdict lacks one output component,"Does the answer separate authority, current evidence, and recommendation?",return five-part contextual adjudication,Diagnose in context; apply the smallest supported change; run the semantic-preservation audit.,Use only when the observable signal causes the stated reader problem.,Marked form may be functional; consult the owning skill's exceptions.,"Mechanical application can change meaning, hierarchy, register, evidence, or voice.",A clean instance of the marked form should remain unchanged.,derived operational procedure,normative/case-supported; not universal empirical law,usage-adjudicator,,False,,,,high design
GAR-DEC-03,GAR5,Bryan A. Garner,Garner's Modern English Usage,5th,decision procedure (derived),https://global.oup.com/academic/product/garners-modern-english-usage-9780197599020,current evidence,current evidence,Usage or convention,unsupported adjudication,reader cannot act on nuanced dispute,verdict lacks one output component,"Does the answer separate authority, current evidence, and recommendation?",return five-part contextual adjudication,Diagnose in context; apply the smallest supported change; run the semantic-preservation audit.,Use only when the observable signal causes the stated reader problem.,Marked form may be functional; consult the owning skill's exceptions.,"Mechanical application can change meaning, hierarchy, register, evidence, or voice.",A clean instance of the marked form should remain unchanged.,derived operational procedure,normative/case-supported; not universal empirical law,usage-adjudicator,,False,,,,high design
GAR-DEC-04,GAR5,Bryan A. Garner,Garner's Modern English Usage,5th,decision procedure (derived),https://global.oup.com/academic/product/garners-modern-english-usage-9780197599020,practical recommendation,practical recommendation,Usage or convention,unsupported adjudication,reader cannot act on nuanced dispute,verdict lacks one output component,"Does the answer separate authority, current evidence, and recommendation?",return five-part contextual adjudication,Diagnose in context; apply the smallest supported change; run the semantic-preservation audit.,Use only when the observable signal causes the stated reader problem.,Marked form may be functional; consult the owning skill's exceptions.,"Mechanical application can change meaning, hierarchy, register, evidence, or voice.",A clean instance of the marked form should remain unchanged.,derived operational procedure,normative/case-supported; not universal empirical law,usage-adjudicator,,False,,,,high design
GAR-DEC-05,GAR5,Bryan A. Garner,Garner's Modern English Usage,5th,decision procedure (derived),https://global.oup.com/academic/product/garners-modern-english-usage-9780197599020,disagreement,disagreement,Usage or convention,unsupported adjudication,reader cannot act on nuanced dispute,verdict lacks one output component,"Does the answer separate authority, current evidence, and recommendation?",return five-part contextual adjudication,Diagnose in context; apply the smallest supported change; run the semantic-preservation audit.,Use only when the observable signal causes the stated reader problem.,Marked form may be functional; consult the owning skill's exceptions.,"Mechanical application can change meaning, hierarchy, register, evidence, or voice.",A clean instance of the marked form should remain unchanged.,derived operational procedure,normative/case-supported; not universal empirical law,usage-adjudicator,,False,,,,high design
GAR-DEC-06,GAR5,Bryan A. Garner,Garner's Modern English Usage,5th,decision procedure (derived),https://global.oup.com/academic/product/garners-modern-english-usage-9780197599020,confidence,confidence,Usage or convention,unsupported adjudication,reader cannot act on nuanced dispute,verdict lacks one output component,"Does the answer separate authority, current evidence, and recommendation?",return five-part contextual adjudication,Diagnose in context; apply the smallest supported change; run the semantic-preservation audit.,Use only when the observable signal causes the stated reader problem.,Marked form may be functional; consult the owning skill's exceptions.,"Mechanical application can change meaning, hierarchy, register, evidence, or voice.",A clean instance of the marked form should remain unchanged.,derived operational procedure,normative/case-supported; not universal empirical law,usage-adjudicator,,False,,,,high design
GAR-DEC-07,GAR5,Bryan A. Garner,Garner's Modern English Usage,5th,decision procedure (derived),https://global.oup.com/academic/product/garners-modern-english-usage-9780197599020,neutral recast,neutral recast,Usage or convention,unsupported adjudication,reader cannot act on nuanced dispute,verdict lacks one output component,"Does the answer separate authority, current evidence, and recommendation?",return five-part contextual adjudication,Diagnose in context; apply the smallest supported change; run the semantic-preservation audit.,Use only when the observable signal causes the stated reader problem.,Marked form may be functional; consult the owning skill's exceptions.,"Mechanical application can change meaning, hierarchy, register, evidence, or voice.",A clean instance of the marked form should remain unchanged.,derived operational procedure,normative/case-supported; not universal empirical law,usage-adjudicator,,False,,,,high design
GAR-DEC-08,GAR5,Bryan A. Garner,Garner's Modern English Usage,5th,decision procedure (derived),https://global.oup.com/academic/product/garners-modern-english-usage-9780197599020,uncertainty admission,uncertainty admission,Usage or convention,unsupported adjudication,reader cannot act on nuanced dispute,verdict lacks one output component,"Does the answer separate authority, current evidence, and recommendation?",return five-part contextual adjudication,Diagnose in context; apply the smallest supported change; run the semantic-preservation audit.,Use only when the observable signal causes the stated reader problem.,Marked form may be functional; consult the owning skill's exceptions.,"Mechanical application can change meaning, hierarchy, register, evidence, or voice.",A clean instance of the marked form should remain unchanged.,derived operational procedure,normative/case-supported; not universal empirical law,usage-adjudicator,,False,,,,high design
GAR-TAX-01,GAR5,Bryan A. Garner,Garner's Modern English Usage,5th,A–Z coverage taxonomy,https://global.oup.com/academic/product/garners-modern-english-usage-9780197599020,grammar/syntax,grammar/syntax,Usage or convention,reference architecture,issue cannot be retrieved consistently,entry lacks taxonomy field,Which usage-question type is this?,index by derived taxonomy,Diagnose in context; apply the smallest supported change; run the semantic-preservation audit.,Use only when the observable signal causes the stated reader problem.,Marked form may be functional; consult the owning skill's exceptions.,"Mechanical application can change meaning, hierarchy, register, evidence, or voice.",A clean instance of the marked form should remain unchanged.,derived taxonomy; Garner A–Z full text unavailable,normative/case-supported; not universal empirical law,usage-adjudicator,,True,,,,medium
GAR-TAX-02,GAR5,Bryan A. Garner,Garner's Modern English Usage,5th,A–Z coverage taxonomy,https://global.oup.com/academic/product/garners-modern-english-usage-9780197599020,morphology/inflection,morphology/inflection,Usage or convention,reference architecture,issue cannot be retrieved consistently,entry lacks taxonomy field,Which usage-question type is this?,index by derived taxonomy,Diagnose in context; apply the smallest supported change; run the semantic-preservation audit.,Use only when the observable signal causes the stated reader problem.,Marked form may be functional; consult the owning skill's exceptions.,"Mechanical application can change meaning, hierarchy, register, evidence, or voice.",A clean instance of the marked form should remain unchanged.,derived taxonomy; Garner A–Z full text unavailable,normative/case-supported; not universal empirical law,usage-adjudicator,,True,,,,medium
GAR-TAX-03,GAR5,Bryan A. Garner,Garner's Modern English Usage,5th,A–Z coverage taxonomy,https://global.oup.com/academic/product/garners-modern-english-usage-9780197599020,meaning/diction/confusables,meaning/diction/confusables,Usage or convention,reference architecture,issue cannot be retrieved consistently,entry lacks taxonomy field,Which usage-question type is this?,index by derived taxonomy,Diagnose in context; apply the smallest supported change; run the semantic-preservation audit.,Use only when the observable signal causes the stated reader problem.,Marked form may be functional; consult the owning skill's exceptions.,"Mechanical application can change meaning, hierarchy, register, evidence, or voice.",A clean instance of the marked form should remain unchanged.,derived taxonomy; Garner A–Z full text unavailable,normative/case-supported; not universal empirical law,usage-adjudicator,,True,,,,medium
GAR-TAX-04,GAR5,Bryan A. Garner,Garner's Modern English Usage,5th,A–Z coverage taxonomy,https://global.oup.com/academic/product/garners-modern-english-usage-9780197599020,idiom/collocation,idiom/collocation,Usage or convention,reference architecture,issue cannot be retrieved consistently,entry lacks taxonomy field,Which usage-question type is this?,index by derived taxonomy,Diagnose in context; apply the smallest supported change; run the semantic-preservation audit.,Use only when the observable signal causes the stated reader problem.,Marked form may be functional; consult the owning skill's exceptions.,"Mechanical application can change meaning, hierarchy, register, evidence, or voice.",A clean instance of the marked form should remain unchanged.,derived taxonomy; Garner A–Z full text unavailable,normative/case-supported; not universal empirical law,usage-adjudicator,,True,,,,medium
GAR-TAX-05,GAR5,Bryan A. Garner,Garner's Modern English Usage,5th,A–Z coverage taxonomy,https://global.oup.com/academic/product/garners-modern-english-usage-9780197599020,spelling/capitalization/hyphenation,spelling/capitalization/hyphenation,Usage or convention,reference architecture,issue cannot be retrieved consistently,entry lacks taxonomy field,Which usage-question type is this?,index by derived taxonomy,Diagnose in context; apply the smallest supported change; run the semantic-preservation audit.,Use only when the observable signal causes the stated reader problem.,Marked form may be functional; consult the owning skill's exceptions.,"Mechanical application can change meaning, hierarchy, register, evidence, or voice.",A clean instance of the marked form should remain unchanged.,derived taxonomy; Garner A–Z full text unavailable,normative/case-supported; not universal empirical law,usage-adjudicator,,True,,,,medium
GAR-TAX-06,GAR5,Bryan A. Garner,Garner's Modern English Usage,5th,A–Z coverage taxonomy,https://global.oup.com/academic/product/garners-modern-english-usage-9780197599020,punctuation/typography,punctuation/typography,Usage or convention,reference architecture,issue cannot be retrieved consistently,entry lacks taxonomy field,Which usage-question type is this?,index by derived taxonomy,Diagnose in context; apply the smallest supported change; run the semantic-preservation audit.,Use only when the observable signal causes the stated reader problem.,Marked form may be functional; consult the owning skill's exceptions.,"Mechanical application can change meaning, hierarchy, register, evidence, or voice.",A clean instance of the marked form should remain unchanged.,derived taxonomy; Garner A–Z full text unavailable,normative/case-supported; not universal empirical law,usage-adjudicator,,True,,,,medium
GAR-TAX-07,GAR5,Bryan A. Garner,Garner's Modern English Usage,5th,A–Z coverage taxonomy,https://global.oup.com/academic/product/garners-modern-english-usage-9780197599020,pronunciation/stress,pronunciation/stress,Usage or convention,reference architecture,issue cannot be retrieved consistently,entry lacks taxonomy field,Which usage-question type is this?,index by derived taxonomy,Diagnose in context; apply the smallest supported change; run the semantic-preservation audit.,Use only when the observable signal causes the stated reader problem.,Marked form may be functional; consult the owning skill's exceptions.,"Mechanical application can change meaning, hierarchy, register, evidence, or voice.",A clean instance of the marked form should remain unchanged.,derived taxonomy; Garner A–Z full text unavailable,normative/case-supported; not universal empirical law,usage-adjudicator,,True,,,,medium
GAR-TAX-08,GAR5,Bryan A. Garner,Garner's Modern English Usage,5th,A–Z coverage taxonomy,https://global.oup.com/academic/product/garners-modern-english-usage-9780197599020,register/formality,register/formality,Usage or convention,reference architecture,issue cannot be retrieved consistently,entry lacks taxonomy field,Which usage-question type is this?,index by derived taxonomy,Diagnose in context; apply the smallest supported change; run the semantic-preservation audit.,Use only when the observable signal causes the stated reader problem.,Marked form may be functional; consult the owning skill's exceptions.,"Mechanical application can change meaning, hierarchy, register, evidence, or voice.",A clean instance of the marked form should remain unchanged.,derived taxonomy; Garner A–Z full text unavailable,normative/case-supported; not universal empirical law,usage-adjudicator,,True,,,,medium
GAR-TAX-09,GAR5,Bryan A. Garner,Garner's Modern English Usage,5th,A–Z coverage taxonomy,https://global.oup.com/academic/product/garners-modern-english-usage-9780197599020,regional/World English,regional/World English,Usage or convention,reference architecture,issue cannot be retrieved consistently,entry lacks taxonomy field,Which usage-question type is this?,index by derived taxonomy,Diagnose in context; apply the smallest supported change; run the semantic-preservation audit.,Use only when the observable signal causes the stated reader problem.,Marked form may be functional; consult the owning skill's exceptions.,"Mechanical application can change meaning, hierarchy, register, evidence, or voice.",A clean instance of the marked form should remain unchanged.,derived taxonomy; Garner A–Z full text unavailable,normative/case-supported; not universal empirical law,usage-adjudicator,,True,,,,medium
GAR-TAX-10,GAR5,Bryan A. Garner,Garner's Modern English Usage,5th,A–Z coverage taxonomy,https://global.oup.com/academic/product/garners-modern-english-usage-9780197599020,legal/field jargon,legal/field jargon,Usage or convention,reference architecture,issue cannot be retrieved consistently,entry lacks taxonomy field,Which usage-question type is this?,index by derived taxonomy,Diagnose in context; apply the smallest supported change; run the semantic-preservation audit.,Use only when the observable signal causes the stated reader problem.,Marked form may be functional; consult the owning skill's exceptions.,"Mechanical application can change meaning, hierarchy, register, evidence, or voice.",A clean instance of the marked form should remain unchanged.,derived taxonomy; Garner A–Z full text unavailable,normative/case-supported; not universal empirical law,usage-adjudicator,,True,,,,medium
GAR-TAX-11,GAR5,Bryan A. Garner,Garner's Modern English Usage,5th,A–Z coverage taxonomy,https://global.oup.com/academic/product/garners-modern-english-usage-9780197599020,bias/dated language,bias/dated language,Usage or convention,reference architecture,issue cannot be retrieved consistently,entry lacks taxonomy field,Which usage-question type is this?,index by derived taxonomy,Diagnose in context; apply the smallest supported change; run the semantic-preservation audit.,Use only when the observable signal causes the stated reader problem.,Marked form may be functional; consult the owning skill's exceptions.,"Mechanical application can change meaning, hierarchy, register, evidence, or voice.",A clean instance of the marked form should remain unchanged.,derived taxonomy; Garner A–Z full text unavailable,normative/case-supported; not universal empirical law,usage-adjudicator,,True,,,,medium
GAR-TAX-12,GAR5,Bryan A. Garner,Garner's Modern English Usage,5th,A–Z coverage taxonomy,https://global.oup.com/academic/product/garners-modern-english-usage-9780197599020,redundancy/pleonasm,redundancy/pleonasm,Usage or convention,reference architecture,issue cannot be retrieved consistently,entry lacks taxonomy field,Which usage-question type is this?,index by derived taxonomy,Diagnose in context; apply the smallest supported change; run the semantic-preservation audit.,Use only when the observable signal causes the stated reader problem.,Marked form may be functional; consult the owning skill's exceptions.,"Mechanical application can change meaning, hierarchy, register, evidence, or voice.",A clean instance of the marked form should remain unchanged.,derived taxonomy; Garner A–Z full text unavailable,normative/case-supported; not universal empirical law,usage-adjudicator,,True,,,,medium
GAR-TAX-13,GAR5,Bryan A. Garner,Garner's Modern English Usage,5th,A–Z coverage taxonomy,https://global.oup.com/academic/product/garners-modern-english-usage-9780197599020,innovation/skunked/folklore,innovation/skunked/folklore,Usage or convention,reference architecture,issue cannot be retrieved consistently,entry lacks taxonomy field,Which usage-question type is this?,index by derived taxonomy,Diagnose in context; apply the smallest supported change; run the semantic-preservation audit.,Use only when the observable signal causes the stated reader problem.,Marked form may be functional; consult the owning skill's exceptions.,"Mechanical application can change meaning, hierarchy, register, evidence, or voice.",A clean instance of the marked form should remain unchanged.,derived taxonomy; Garner A–Z full text unavailable,normative/case-supported; not universal empirical law,usage-adjudicator,,True,,,,medium
GAR-TAX-14,GAR5,Bryan A. Garner,Garner's Modern English Usage,5th,A–Z coverage taxonomy,https://global.oup.com/academic/product/garners-modern-english-usage-9780197599020,archaism/euphemism/hypercorrection,archaism/euphemism/hypercorrection,Usage or convention,reference architecture,issue cannot be retrieved consistently,entry lacks taxonomy field,Which usage-question type is this?,index by derived taxonomy,Diagnose in context; apply the smallest supported change; run the semantic-preservation audit.,Use only when the observable signal causes the stated reader problem.,Marked form may be functional; consult the owning skill's exceptions.,"Mechanical application can change meaning, hierarchy, register, evidence, or voice.",A clean instance of the marked form should remain unchanged.,derived taxonomy; Garner A–Z full text unavailable,normative/case-supported; not universal empirical law,usage-adjudicator,,True,,,,medium
SW-NEG-01,STR18;STR20,William Strunk Jr.,The Elements of Style,1918 original; 1920 trade,1918 rule 1; 1920 retained/renumbered counterpart,https://www.gutenberg.org/files/37134/37134-h/37134-h.htm,possessive singular,usage convention,Usage or convention,negative-control rule,blanket maxim can cause incorrect edits,rule activates without a reader problem,Which stronger diagnostic and exception controls?,route to stronger owner or exclude,Diagnose in context; apply the smallest supported change; run the semantic-preservation audit.,Use only when the observable signal causes the stated reader problem.,Marked form may be functional; consult the owning skill's exceptions.,"Mechanical application can change meaning, hierarchy, register, evidence, or voice.",A clean instance of the marked form should remain unchanged.,rhetorical heuristic,historical normative advice; negative control,usage-adjudicator,,True,already owned; current convention controls,,,high
SW-NEG-02,STR18;STR20,William Strunk Jr.,The Elements of Style,1918 original; 1920 trade,1918 rule 2; 1920 retained/renumbered counterpart,https://www.gutenberg.org/files/37134/37134-h/37134-h.htm,serial comma,punctuation convention,Usage or convention,negative-control rule,blanket maxim can cause incorrect edits,rule activates without a reader problem,Which stronger diagnostic and exception controls?,route to stronger owner or exclude,Diagnose in context; apply the smallest supported change; run the semantic-preservation audit.,Use only when the observable signal causes the stated reader problem.,Marked form may be functional; consult the owning skill's exceptions.,"Mechanical application can change meaning, hierarchy, register, evidence, or voice.",A clean instance of the marked form should remain unchanged.,rhetorical heuristic,historical normative advice; negative control,usage-adjudicator,,True,house/ambiguity conditioned,,,high
SW-NEG-03,STR18;STR20,William Strunk Jr.,The Elements of Style,1918 original; 1920 trade,1918 rule 3; 1920 retained/renumbered counterpart,https://www.gutenberg.org/files/37134/37134-h/37134-h.htm,parenthetic commas,punctuation/attachment,Usage or convention,negative-control rule,blanket maxim can cause incorrect edits,rule activates without a reader problem,Which stronger diagnostic and exception controls?,route to stronger owner or exclude,Diagnose in context; apply the smallest supported change; run the semantic-preservation audit.,Use only when the observable signal causes the stated reader problem.,Marked form may be functional; consult the owning skill's exceptions.,"Mechanical application can change meaning, hierarchy, register, evidence, or voice.",A clean instance of the marked form should remain unchanged.,rhetorical heuristic,historical normative advice; negative control,usage-adjudicator,,True,more precise punctuation diagnostics,,,high
SW-NEG-04,STR18;STR20,William Strunk Jr.,The Elements of Style,1918 original; 1920 trade,1918 rule 4; 1920 retained/renumbered counterpart,https://www.gutenberg.org/files/37134/37134-h/37134-h.htm,comma before coordinate clause,punctuation convention,Usage or convention,negative-control rule,blanket maxim can cause incorrect edits,rule activates without a reader problem,Which stronger diagnostic and exception controls?,route to stronger owner or exclude,Diagnose in context; apply the smallest supported change; run the semantic-preservation audit.,Use only when the observable signal causes the stated reader problem.,Marked form may be functional; consult the owning skill's exceptions.,"Mechanical application can change meaning, hierarchy, register, evidence, or voice.",A clean instance of the marked form should remain unchanged.,rhetorical heuristic,historical normative advice; negative control,usage-adjudicator,,True,already owned,,,high
SW-NEG-05,STR18;STR20,William Strunk Jr.,The Elements of Style,1918 original; 1920 trade,1918 rule 5; 1920 retained/renumbered counterpart,https://www.gutenberg.org/files/37134/37134-h/37134-h.htm,no comma splice,sentence boundary convention,Usage or convention,negative-control rule,blanket maxim can cause incorrect edits,rule activates without a reader problem,Which stronger diagnostic and exception controls?,route to stronger owner or exclude,Diagnose in context; apply the smallest supported change; run the semantic-preservation audit.,Use only when the observable signal causes the stated reader problem.,Marked form may be functional; consult the owning skill's exceptions.,"Mechanical application can change meaning, hierarchy, register, evidence, or voice.",A clean instance of the marked form should remain unchanged.,rhetorical heuristic,historical normative advice; negative control,usage-adjudicator,,True,register/punctuation exceptions,,,high
SW-NEG-06,STR18;STR20,William Strunk Jr.,The Elements of Style,1918 original; 1920 trade,1918 rule 6; 1920 retained/renumbered counterpart,https://www.gutenberg.org/files/37134/37134-h/37134-h.htm,do not break sentences,fragment control,Sentence,negative-control rule,blanket maxim can cause incorrect edits,rule activates without a reader problem,Which stronger diagnostic and exception controls?,route to stronger owner or exclude,Diagnose in context; apply the smallest supported change; run the semantic-preservation audit.,Use only when the observable signal causes the stated reader problem.,Marked form may be functional; consult the owning skill's exceptions.,"Mechanical application can change meaning, hierarchy, register, evidence, or voice.",A clean instance of the marked form should remain unchanged.,rhetorical heuristic,historical normative advice; negative control,sentence-variety,,True,purposeful fragments allowed,,,high
SW-NEG-07,STR18;STR20,William Strunk Jr.,The Elements of Style,1918 original; 1920 trade,1918 rule 7; 1920 retained/renumbered counterpart,https://www.gutenberg.org/files/37134/37134-h/37134-h.htm,opening participial attachment,modifier attachment,Sentence,negative-control rule,blanket maxim can cause incorrect edits,rule activates without a reader problem,Which stronger diagnostic and exception controls?,route to stronger owner or exclude,Diagnose in context; apply the smallest supported change; run the semantic-preservation audit.,Use only when the observable signal causes the stated reader problem.,Marked form may be functional; consult the owning skill's exceptions.,"Mechanical application can change meaning, hierarchy, register, evidence, or voice.",A clean instance of the marked form should remain unchanged.,rhetorical heuristic,historical normative advice; negative control,sentence-clarity,,True,valid but already owned,,,high
SW-NEG-08,STR18;STR20,William Strunk Jr.,The Elements of Style,1918 original; 1920 trade,1918 rule 8; 1920 retained/renumbered counterpart,https://www.gutenberg.org/files/37134/37134-h/37134-h.htm,paragraph unit,paragraph focus,Sentence,negative-control rule,blanket maxim can cause incorrect edits,rule activates without a reader problem,Which stronger diagnostic and exception controls?,route to stronger owner or exclude,Diagnose in context; apply the smallest supported change; run the semantic-preservation audit.,Use only when the observable signal causes the stated reader problem.,Marked form may be functional; consult the owning skill's exceptions.,"Mechanical application can change meaning, hierarchy, register, evidence, or voice.",A clean instance of the marked form should remain unchanged.,rhetorical heuristic,historical normative advice; negative control,cohesion-emphasis,,True,genre-conditioned and superseded,,,high
SW-NEG-09,STR18;STR20,William Strunk Jr.,The Elements of Style,1918 original; 1920 trade,1918 rule 9; 1920 retained/renumbered counterpart,https://www.gutenberg.org/files/37134/37134-h/37134-h.htm,topic sentence/end conformity,paragraph framing,Sentence,negative-control rule,blanket maxim can cause incorrect edits,rule activates without a reader problem,Which stronger diagnostic and exception controls?,route to stronger owner or exclude,Diagnose in context; apply the smallest supported change; run the semantic-preservation audit.,Use only when the observable signal causes the stated reader problem.,Marked form may be functional; consult the owning skill's exceptions.,"Mechanical application can change meaning, hierarchy, register, evidence, or voice.",A clean instance of the marked form should remain unchanged.,rhetorical heuristic,historical normative advice; negative control,cohesion-emphasis,,True,not universal,,,high
SW-NEG-10,STR18;STR20,William Strunk Jr.,The Elements of Style,1918 original; 1920 trade,1918 rule 10; 1920 retained/renumbered counterpart,https://www.gutenberg.org/files/37134/37134-h/37134-h.htm,active voice,functional voice choice,Sentence,negative-control rule,blanket maxim can cause incorrect edits,rule activates without a reader problem,Which stronger diagnostic and exception controls?,route to stronger owner or exclude,Diagnose in context; apply the smallest supported change; run the semantic-preservation audit.,Use only when the observable signal causes the stated reader problem.,Marked form may be functional; consult the owning skill's exceptions.,"Mechanical application can change meaning, hierarchy, register, evidence, or voice.",A clean instance of the marked form should remain unchanged.,rhetorical heuristic,historical normative advice; negative control,sentence-clarity,,True,crude maxim; passive often useful,,,high
SW-NEG-11,STR18;STR20,William Strunk Jr.,The Elements of Style,1918 original; 1920 trade,1918 rule 11; 1920 retained/renumbered counterpart,https://www.gutenberg.org/files/37134/37134-h/37134-h.htm,positive form,affirmative/negative choice,Sentence,negative-control rule,blanket maxim can cause incorrect edits,rule activates without a reader problem,Which stronger diagnostic and exception controls?,route to stronger owner or exclude,Diagnose in context; apply the smallest supported change; run the semantic-preservation audit.,Use only when the observable signal causes the stated reader problem.,Marked form may be functional; consult the owning skill's exceptions.,"Mechanical application can change meaning, hierarchy, register, evidence, or voice.",A clean instance of the marked form should remain unchanged.,rhetorical heuristic,historical normative advice; negative control,concision,,True,negation often essential,,,high
SW-NEG-12,STR18;STR20,William Strunk Jr.,The Elements of Style,1918 original; 1920 trade,1918 rule 12; 1920 retained/renumbered counterpart,https://www.gutenberg.org/files/37134/37134-h/37134-h.htm,definite/specific/concrete,precision,Sentence,negative-control rule,blanket maxim can cause incorrect edits,rule activates without a reader problem,Which stronger diagnostic and exception controls?,route to stronger owner or exclude,Diagnose in context; apply the smallest supported change; run the semantic-preservation audit.,Use only when the observable signal causes the stated reader problem.,Marked form may be functional; consult the owning skill's exceptions.,"Mechanical application can change meaning, hierarchy, register, evidence, or voice.",A clean instance of the marked form should remain unchanged.,rhetorical heuristic,historical normative advice; negative control,shared-reference,,True,goal too vague for independent procedure,,,high
SW-NEG-13,STR18;STR20,William Strunk Jr.,The Elements of Style,1918 original; 1920 trade,1918 rule 13; 1920 retained/renumbered counterpart,https://www.gutenberg.org/files/37134/37134-h/37134-h.htm,omit needless words,genuine excess,Sentence,negative-control rule,blanket maxim can cause incorrect edits,rule activates without a reader problem,Which stronger diagnostic and exception controls?,route to stronger owner or exclude,Diagnose in context; apply the smallest supported change; run the semantic-preservation audit.,Use only when the observable signal causes the stated reader problem.,Marked form may be functional; consult the owning skill's exceptions.,"Mechanical application can change meaning, hierarchy, register, evidence, or voice.",A clean instance of the marked form should remain unchanged.,rhetorical heuristic,historical normative advice; negative control,concision,,True,superseded by Williams/Lanham diagnostics,,,high
SW-NEG-14,STR18;STR20,William Strunk Jr.,The Elements of Style,1918 original; 1920 trade,1918 rule 14; 1920 retained/renumbered counterpart,https://www.gutenberg.org/files/37134/37134-h/37134-h.htm,avoid loose-sentence succession,purposeful syntax,Sentence,negative-control rule,blanket maxim can cause incorrect edits,rule activates without a reader problem,Which stronger diagnostic and exception controls?,route to stronger owner or exclude,Diagnose in context; apply the smallest supported change; run the semantic-preservation audit.,Use only when the observable signal causes the stated reader problem.,Marked form may be functional; consult the owning skill's exceptions.,"Mechanical application can change meaning, hierarchy, register, evidence, or voice.",A clean instance of the marked form should remain unchanged.,rhetorical heuristic,historical normative advice; negative control,sentence-variety,,True,loose/cumulative syntax can work,,,high
SW-NEG-15,STR18;STR20,William Strunk Jr.,The Elements of Style,1918 original; 1920 trade,1918 rule 15; 1920 retained/renumbered counterpart,https://www.gutenberg.org/files/37134/37134-h/37134-h.htm,parallel coordinate ideas,logical parallelism,Sentence,negative-control rule,blanket maxim can cause incorrect edits,rule activates without a reader problem,Which stronger diagnostic and exception controls?,route to stronger owner or exclude,Diagnose in context; apply the smallest supported change; run the semantic-preservation audit.,Use only when the observable signal causes the stated reader problem.,Marked form may be functional; consult the owning skill's exceptions.,"Mechanical application can change meaning, hierarchy, register, evidence, or voice.",A clean instance of the marked form should remain unchanged.,rhetorical heuristic,historical normative advice; negative control,sentence-variety,,True,already owned,,,high
SW-NEG-16,STR18;STR20,William Strunk Jr.,The Elements of Style,1918 original; 1920 trade,1918 rule 16; 1920 retained/renumbered counterpart,https://www.gutenberg.org/files/37134/37134-h/37134-h.htm,keep related words together,dependency proximity,Sentence,negative-control rule,blanket maxim can cause incorrect edits,rule activates without a reader problem,Which stronger diagnostic and exception controls?,route to stronger owner or exclude,Diagnose in context; apply the smallest supported change; run the semantic-preservation audit.,Use only when the observable signal causes the stated reader problem.,Marked form may be functional; consult the owning skill's exceptions.,"Mechanical application can change meaning, hierarchy, register, evidence, or voice.",A clean instance of the marked form should remain unchanged.,rhetorical heuristic,historical normative advice; negative control,sentence-clarity,,True,already owned; periodic exception,,,high
SW-NEG-17,STR18;STR20,William Strunk Jr.,The Elements of Style,1918 original; 1920 trade,1918 rule 17; 1920 retained/renumbered counterpart,https://www.gutenberg.org/files/37134/37134-h/37134-h.htm,one tense in summaries,genre convention,Usage or convention,negative-control rule,blanket maxim can cause incorrect edits,rule activates without a reader problem,Which stronger diagnostic and exception controls?,route to stronger owner or exclude,Diagnose in context; apply the smallest supported change; run the semantic-preservation audit.,Use only when the observable signal causes the stated reader problem.,Marked form may be functional; consult the owning skill's exceptions.,"Mechanical application can change meaning, hierarchy, register, evidence, or voice.",A clean instance of the marked form should remain unchanged.,rhetorical heuristic,historical normative advice; negative control,usage-adjudicator,,True,not universal,,,high
SW-NEG-18,STR18;STR20,William Strunk Jr.,The Elements of Style,1918 original; 1920 trade,1918 rule 18; 1920 retained/renumbered counterpart,https://www.gutenberg.org/files/37134/37134-h/37134-h.htm,emphatic words at end,stress position,Sentence,negative-control rule,blanket maxim can cause incorrect edits,rule activates without a reader problem,Which stronger diagnostic and exception controls?,route to stronger owner or exclude,Diagnose in context; apply the smallest supported change; run the semantic-preservation audit.,Use only when the observable signal causes the stated reader problem.,Marked form may be functional; consult the owning skill's exceptions.,"Mechanical application can change meaning, hierarchy, register, evidence, or voice.",A clean instance of the marked form should remain unchanged.,rhetorical heuristic,historical normative advice; negative control,cohesion-emphasis,,True,superseded by precise closure model,,,high
SW-WHITE-01,SW4,William Strunk Jr.; E. B. White,The Elements of Style,4th,Approach to Style reminder 1,https://www.pearson.com/en-au/subject-catalog/p/elements-of-style-the/P200000002160/9780205309023,background,background,Document,negative-control reminder,"vague/taste-based rule can distort genre, evidence, or voice",heading lacks reproducible threshold or conflicts with valid genre,Can a stronger source supply an observable reader problem?,"route, qualify, or exclude",Diagnose in context; apply the smallest supported change; run the semantic-preservation audit.,Use only when the observable signal causes the stated reader problem.,Marked form may be functional; consult the owning skill's exceptions.,"Mechanical application can change meaning, hierarchy, register, evidence, or voice.",A clean instance of the marked form should remain unchanged.,rhetorical heuristic,normative taste; full reminder prose unavailable,negative-control,,True,taste/vague/register-specific/already covered; see dossier,,,medium heading/high access gap
SW-WHITE-02,SW4,William Strunk Jr.; E. B. White,The Elements of Style,4th,Approach to Style reminder 2,https://www.pearson.com/en-au/subject-catalog/p/elements-of-style-the/P200000002160/9780205309023,natural style,natural style,Document,negative-control reminder,"vague/taste-based rule can distort genre, evidence, or voice",heading lacks reproducible threshold or conflicts with valid genre,Can a stronger source supply an observable reader problem?,"route, qualify, or exclude",Diagnose in context; apply the smallest supported change; run the semantic-preservation audit.,Use only when the observable signal causes the stated reader problem.,Marked form may be functional; consult the owning skill's exceptions.,"Mechanical application can change meaning, hierarchy, register, evidence, or voice.",A clean instance of the marked form should remain unchanged.,rhetorical heuristic,normative taste; full reminder prose unavailable,negative-control,,True,taste/vague/register-specific/already covered; see dossier,,,medium heading/high access gap
SW-WHITE-03,SW4,William Strunk Jr.; E. B. White,The Elements of Style,4th,Approach to Style reminder 3,https://www.pearson.com/en-au/subject-catalog/p/elements-of-style-the/P200000002160/9780205309023,suitable design,suitable design,Document,negative-control reminder,"vague/taste-based rule can distort genre, evidence, or voice",heading lacks reproducible threshold or conflicts with valid genre,Can a stronger source supply an observable reader problem?,"route, qualify, or exclude",Diagnose in context; apply the smallest supported change; run the semantic-preservation audit.,Use only when the observable signal causes the stated reader problem.,Marked form may be functional; consult the owning skill's exceptions.,"Mechanical application can change meaning, hierarchy, register, evidence, or voice.",A clean instance of the marked form should remain unchanged.,rhetorical heuristic,normative taste; full reminder prose unavailable,negative-control,,True,taste/vague/register-specific/already covered; see dossier,,,medium heading/high access gap
SW-WHITE-04,SW4,William Strunk Jr.; E. B. White,The Elements of Style,4th,Approach to Style reminder 4,https://www.pearson.com/en-au/subject-catalog/p/elements-of-style-the/P200000002160/9780205309023,nouns and verbs,nouns and verbs,Document,negative-control reminder,"vague/taste-based rule can distort genre, evidence, or voice",heading lacks reproducible threshold or conflicts with valid genre,Can a stronger source supply an observable reader problem?,"route, qualify, or exclude",Diagnose in context; apply the smallest supported change; run the semantic-preservation audit.,Use only when the observable signal causes the stated reader problem.,Marked form may be functional; consult the owning skill's exceptions.,"Mechanical application can change meaning, hierarchy, register, evidence, or voice.",A clean instance of the marked form should remain unchanged.,rhetorical heuristic,normative taste; full reminder prose unavailable,negative-control,,True,taste/vague/register-specific/already covered; see dossier,,,medium heading/high access gap
SW-WHITE-05,SW4,William Strunk Jr.; E. B. White,The Elements of Style,4th,Approach to Style reminder 5,https://www.pearson.com/en-au/subject-catalog/p/elements-of-style-the/P200000002160/9780205309023,revise,revise,Document,negative-control reminder,"vague/taste-based rule can distort genre, evidence, or voice",heading lacks reproducible threshold or conflicts with valid genre,Can a stronger source supply an observable reader problem?,"route, qualify, or exclude",Diagnose in context; apply the smallest supported change; run the semantic-preservation audit.,Use only when the observable signal causes the stated reader problem.,Marked form may be functional; consult the owning skill's exceptions.,"Mechanical application can change meaning, hierarchy, register, evidence, or voice.",A clean instance of the marked form should remain unchanged.,rhetorical heuristic,normative taste; full reminder prose unavailable,negative-control,,True,taste/vague/register-specific/already covered; see dossier,,,medium heading/high access gap
SW-WHITE-06,SW4,William Strunk Jr.; E. B. White,The Elements of Style,4th,Approach to Style reminder 6,https://www.pearson.com/en-au/subject-catalog/p/elements-of-style-the/P200000002160/9780205309023,do not overwrite,do not overwrite,Document,negative-control reminder,"vague/taste-based rule can distort genre, evidence, or voice",heading lacks reproducible threshold or conflicts with valid genre,Can a stronger source supply an observable reader problem?,"route, qualify, or exclude",Diagnose in context; apply the smallest supported change; run the semantic-preservation audit.,Use only when the observable signal causes the stated reader problem.,Marked form may be functional; consult the owning skill's exceptions.,"Mechanical application can change meaning, hierarchy, register, evidence, or voice.",A clean instance of the marked form should remain unchanged.,rhetorical heuristic,normative taste; full reminder prose unavailable,negative-control,,True,taste/vague/register-specific/already covered; see dossier,,,medium heading/high access gap
SW-WHITE-07,SW4,William Strunk Jr.; E. B. White,The Elements of Style,4th,Approach to Style reminder 7,https://www.pearson.com/en-au/subject-catalog/p/elements-of-style-the/P200000002160/9780205309023,do not overstate,do not overstate,Document,negative-control reminder,"vague/taste-based rule can distort genre, evidence, or voice",heading lacks reproducible threshold or conflicts with valid genre,Can a stronger source supply an observable reader problem?,"route, qualify, or exclude",Diagnose in context; apply the smallest supported change; run the semantic-preservation audit.,Use only when the observable signal causes the stated reader problem.,Marked form may be functional; consult the owning skill's exceptions.,"Mechanical application can change meaning, hierarchy, register, evidence, or voice.",A clean instance of the marked form should remain unchanged.,rhetorical heuristic,normative taste; full reminder prose unavailable,negative-control,,True,taste/vague/register-specific/already covered; see dossier,,,medium heading/high access gap
SW-WHITE-08,SW4,William Strunk Jr.; E. B. White,The Elements of Style,4th,Approach to Style reminder 8,https://www.pearson.com/en-au/subject-catalog/p/elements-of-style-the/P200000002160/9780205309023,avoid qualifiers,avoid qualifiers,Document,negative-control reminder,"vague/taste-based rule can distort genre, evidence, or voice",heading lacks reproducible threshold or conflicts with valid genre,Can a stronger source supply an observable reader problem?,"route, qualify, or exclude",Diagnose in context; apply the smallest supported change; run the semantic-preservation audit.,Use only when the observable signal causes the stated reader problem.,Marked form may be functional; consult the owning skill's exceptions.,"Mechanical application can change meaning, hierarchy, register, evidence, or voice.",A clean instance of the marked form should remain unchanged.,rhetorical heuristic,normative taste; full reminder prose unavailable,negative-control,,True,taste/vague/register-specific/already covered; see dossier,,,medium heading/high access gap
SW-WHITE-09,SW4,William Strunk Jr.; E. B. White,The Elements of Style,4th,Approach to Style reminder 9,https://www.pearson.com/en-au/subject-catalog/p/elements-of-style-the/P200000002160/9780205309023,avoid breezy manner,avoid breezy manner,Document,negative-control reminder,"vague/taste-based rule can distort genre, evidence, or voice",heading lacks reproducible threshold or conflicts with valid genre,Can a stronger source supply an observable reader problem?,"route, qualify, or exclude",Diagnose in context; apply the smallest supported change; run the semantic-preservation audit.,Use only when the observable signal causes the stated reader problem.,Marked form may be functional; consult the owning skill's exceptions.,"Mechanical application can change meaning, hierarchy, register, evidence, or voice.",A clean instance of the marked form should remain unchanged.,rhetorical heuristic,normative taste; full reminder prose unavailable,negative-control,,True,taste/vague/register-specific/already covered; see dossier,,,medium heading/high access gap
SW-WHITE-10,SW4,William Strunk Jr.; E. B. White,The Elements of Style,4th,Approach to Style reminder 10,https://www.pearson.com/en-au/subject-catalog/p/elements-of-style-the/P200000002160/9780205309023,orthodox spelling,orthodox spelling,Document,negative-control reminder,"vague/taste-based rule can distort genre, evidence, or voice",heading lacks reproducible threshold or conflicts with valid genre,Can a stronger source supply an observable reader problem?,"route, qualify, or exclude",Diagnose in context; apply the smallest supported change; run the semantic-preservation audit.,Use only when the observable signal causes the stated reader problem.,Marked form may be functional; consult the owning skill's exceptions.,"Mechanical application can change meaning, hierarchy, register, evidence, or voice.",A clean instance of the marked form should remain unchanged.,rhetorical heuristic,normative taste; full reminder prose unavailable,negative-control,,True,taste/vague/register-specific/already covered; see dossier,,,medium heading/high access gap
SW-WHITE-11,SW4,William Strunk Jr.; E. B. White,The Elements of Style,4th,Approach to Style reminder 11,https://www.pearson.com/en-au/subject-catalog/p/elements-of-style-the/P200000002160/9780205309023,do not explain too much,do not explain too much,Document,negative-control reminder,"vague/taste-based rule can distort genre, evidence, or voice",heading lacks reproducible threshold or conflicts with valid genre,Can a stronger source supply an observable reader problem?,"route, qualify, or exclude",Diagnose in context; apply the smallest supported change; run the semantic-preservation audit.,Use only when the observable signal causes the stated reader problem.,Marked form may be functional; consult the owning skill's exceptions.,"Mechanical application can change meaning, hierarchy, register, evidence, or voice.",A clean instance of the marked form should remain unchanged.,rhetorical heuristic,normative taste; full reminder prose unavailable,negative-control,,True,taste/vague/register-specific/already covered; see dossier,,,medium heading/high access gap
SW-WHITE-12,SW4,William Strunk Jr.; E. B. White,The Elements of Style,4th,Approach to Style reminder 12,https://www.pearson.com/en-au/subject-catalog/p/elements-of-style-the/P200000002160/9780205309023,awkward adverbs,awkward adverbs,Document,negative-control reminder,"vague/taste-based rule can distort genre, evidence, or voice",heading lacks reproducible threshold or conflicts with valid genre,Can a stronger source supply an observable reader problem?,"route, qualify, or exclude",Diagnose in context; apply the smallest supported change; run the semantic-preservation audit.,Use only when the observable signal causes the stated reader problem.,Marked form may be functional; consult the owning skill's exceptions.,"Mechanical application can change meaning, hierarchy, register, evidence, or voice.",A clean instance of the marked form should remain unchanged.,rhetorical heuristic,normative taste; full reminder prose unavailable,negative-control,,True,taste/vague/register-specific/already covered; see dossier,,,medium heading/high access gap
SW-WHITE-13,SW4,William Strunk Jr.; E. B. White,The Elements of Style,4th,Approach to Style reminder 13,https://www.pearson.com/en-au/subject-catalog/p/elements-of-style-the/P200000002160/9780205309023,speaker identification,speaker identification,Document,negative-control reminder,"vague/taste-based rule can distort genre, evidence, or voice",heading lacks reproducible threshold or conflicts with valid genre,Can a stronger source supply an observable reader problem?,"route, qualify, or exclude",Diagnose in context; apply the smallest supported change; run the semantic-preservation audit.,Use only when the observable signal causes the stated reader problem.,Marked form may be functional; consult the owning skill's exceptions.,"Mechanical application can change meaning, hierarchy, register, evidence, or voice.",A clean instance of the marked form should remain unchanged.,rhetorical heuristic,normative taste; full reminder prose unavailable,negative-control,,True,taste/vague/register-specific/already covered; see dossier,,,medium heading/high access gap
SW-WHITE-14,SW4,William Strunk Jr.; E. B. White,The Elements of Style,4th,Approach to Style reminder 14,https://www.pearson.com/en-au/subject-catalog/p/elements-of-style-the/P200000002160/9780205309023,avoid fancy words,avoid fancy words,Document,negative-control reminder,"vague/taste-based rule can distort genre, evidence, or voice",heading lacks reproducible threshold or conflicts with valid genre,Can a stronger source supply an observable reader problem?,"route, qualify, or exclude",Diagnose in context; apply the smallest supported change; run the semantic-preservation audit.,Use only when the observable signal causes the stated reader problem.,Marked form may be functional; consult the owning skill's exceptions.,"Mechanical application can change meaning, hierarchy, register, evidence, or voice.",A clean instance of the marked form should remain unchanged.,rhetorical heuristic,normative taste; full reminder prose unavailable,negative-control,,True,taste/vague/register-specific/already covered; see dossier,,,medium heading/high access gap
SW-WHITE-15,SW4,William Strunk Jr.; E. B. White,The Elements of Style,4th,Approach to Style reminder 15,https://www.pearson.com/en-au/subject-catalog/p/elements-of-style-the/P200000002160/9780205309023,dialect caution,dialect caution,Document,negative-control reminder,"vague/taste-based rule can distort genre, evidence, or voice",heading lacks reproducible threshold or conflicts with valid genre,Can a stronger source supply an observable reader problem?,"route, qualify, or exclude",Diagnose in context; apply the smallest supported change; run the semantic-preservation audit.,Use only when the observable signal causes the stated reader problem.,Marked form may be functional; consult the owning skill's exceptions.,"Mechanical application can change meaning, hierarchy, register, evidence, or voice.",A clean instance of the marked form should remain unchanged.,rhetorical heuristic,normative taste; full reminder prose unavailable,negative-control,,True,taste/vague/register-specific/already covered; see dossier,,,medium heading/high access gap
SW-WHITE-16,SW4,William Strunk Jr.; E. B. White,The Elements of Style,4th,Approach to Style reminder 16,https://www.pearson.com/en-au/subject-catalog/p/elements-of-style-the/P200000002160/9780205309023,be clear,be clear,Document,negative-control reminder,"vague/taste-based rule can distort genre, evidence, or voice",heading lacks reproducible threshold or conflicts with valid genre,Can a stronger source supply an observable reader problem?,"route, qualify, or exclude",Diagnose in context; apply the smallest supported change; run the semantic-preservation audit.,Use only when the observable signal causes the stated reader problem.,Marked form may be functional; consult the owning skill's exceptions.,"Mechanical application can change meaning, hierarchy, register, evidence, or voice.",A clean instance of the marked form should remain unchanged.,rhetorical heuristic,normative taste; full reminder prose unavailable,negative-control,,True,taste/vague/register-specific/already covered; see dossier,,,medium heading/high access gap
SW-WHITE-17,SW4,William Strunk Jr.; E. B. White,The Elements of Style,4th,Approach to Style reminder 17,https://www.pearson.com/en-au/subject-catalog/p/elements-of-style-the/P200000002160/9780205309023,do not inject opinion,do not inject opinion,Document,negative-control reminder,"vague/taste-based rule can distort genre, evidence, or voice",heading lacks reproducible threshold or conflicts with valid genre,Can a stronger source supply an observable reader problem?,"route, qualify, or exclude",Diagnose in context; apply the smallest supported change; run the semantic-preservation audit.,Use only when the observable signal causes the stated reader problem.,Marked form may be functional; consult the owning skill's exceptions.,"Mechanical application can change meaning, hierarchy, register, evidence, or voice.",A clean instance of the marked form should remain unchanged.,rhetorical heuristic,normative taste; full reminder prose unavailable,negative-control,,True,taste/vague/register-specific/already covered; see dossier,,,medium heading/high access gap
SW-WHITE-18,SW4,William Strunk Jr.; E. B. White,The Elements of Style,4th,Approach to Style reminder 18,https://www.pearson.com/en-au/subject-catalog/p/elements-of-style-the/P200000002160/9780205309023,figures sparingly,figures sparingly,Document,negative-control reminder,"vague/taste-based rule can distort genre, evidence, or voice",heading lacks reproducible threshold or conflicts with valid genre,Can a stronger source supply an observable reader problem?,"route, qualify, or exclude",Diagnose in context; apply the smallest supported change; run the semantic-preservation audit.,Use only when the observable signal causes the stated reader problem.,Marked form may be functional; consult the owning skill's exceptions.,"Mechanical application can change meaning, hierarchy, register, evidence, or voice.",A clean instance of the marked form should remain unchanged.,rhetorical heuristic,normative taste; full reminder prose unavailable,negative-control,,True,taste/vague/register-specific/already covered; see dossier,,,medium heading/high access gap
SW-WHITE-19,SW4,William Strunk Jr.; E. B. White,The Elements of Style,4th,Approach to Style reminder 19,https://www.pearson.com/en-au/subject-catalog/p/elements-of-style-the/P200000002160/9780205309023,no shortcut at clarity cost,no shortcut at clarity cost,Document,negative-control reminder,"vague/taste-based rule can distort genre, evidence, or voice",heading lacks reproducible threshold or conflicts with valid genre,Can a stronger source supply an observable reader problem?,"route, qualify, or exclude",Diagnose in context; apply the smallest supported change; run the semantic-preservation audit.,Use only when the observable signal causes the stated reader problem.,Marked form may be functional; consult the owning skill's exceptions.,"Mechanical application can change meaning, hierarchy, register, evidence, or voice.",A clean instance of the marked form should remain unchanged.,rhetorical heuristic,normative taste; full reminder prose unavailable,negative-control,,True,taste/vague/register-specific/already covered; see dossier,,,medium heading/high access gap
SW-WHITE-20,SW4,William Strunk Jr.; E. B. White,The Elements of Style,4th,Approach to Style reminder 20,https://www.pearson.com/en-au/subject-catalog/p/elements-of-style-the/P200000002160/9780205309023,avoid foreign languages,avoid foreign languages,Document,negative-control reminder,"vague/taste-based rule can distort genre, evidence, or voice",heading lacks reproducible threshold or conflicts with valid genre,Can a stronger source supply an observable reader problem?,"route, qualify, or exclude",Diagnose in context; apply the smallest supported change; run the semantic-preservation audit.,Use only when the observable signal causes the stated reader problem.,Marked form may be functional; consult the owning skill's exceptions.,"Mechanical application can change meaning, hierarchy, register, evidence, or voice.",A clean instance of the marked form should remain unchanged.,rhetorical heuristic,normative taste; full reminder prose unavailable,negative-control,,True,taste/vague/register-specific/already covered; see dossier,,,medium heading/high access gap
SW-WHITE-21,SW4,William Strunk Jr.; E. B. White,The Elements of Style,4th,Approach to Style reminder 21,https://www.pearson.com/en-au/subject-catalog/p/elements-of-style-the/P200000002160/9780205309023,standard over offbeat,standard over offbeat,Document,negative-control reminder,"vague/taste-based rule can distort genre, evidence, or voice",heading lacks reproducible threshold or conflicts with valid genre,Can a stronger source supply an observable reader problem?,"route, qualify, or exclude",Diagnose in context; apply the smallest supported change; run the semantic-preservation audit.,Use only when the observable signal causes the stated reader problem.,Marked form may be functional; consult the owning skill's exceptions.,"Mechanical application can change meaning, hierarchy, register, evidence, or voice.",A clean instance of the marked form should remain unchanged.,rhetorical heuristic,normative taste; full reminder prose unavailable,negative-control,,True,taste/vague/register-specific/already covered; see dossier,,,medium heading/high access gap
PLAT-01,PLAT,OpenAI,Build skills; Skills in ChatGPT,living official documentation,Build skills,https://learn.chatgpt.com/docs/build-skills,SKILL.md,required skill instruction file,Document,package/activation fault,"skill fails validation, discovery, or routing",artifact violates schema or description collides,Does package match official required/optional structure?,repair metadata/package/test,Diagnose in context; apply the smallest supported change; run the semantic-preservation audit.,Use only when the observable signal causes the stated reader problem.,Marked form may be functional; consult the owning skill's exceptions.,"Mechanical application can change meaning, hierarchy, register, evidence, or voice.",A clean instance of the marked form should remain unchanged.,official platform requirement,current official documentation with cutoff temporal caveat,portfolio-infrastructure,,False,,,,high current
PLAT-02,PLAT,OpenAI,Build skills; Skills in ChatGPT,living official documentation,Build skills,https://learn.chatgpt.com/docs/build-skills,name,required canonical name,Document,package/activation fault,"skill fails validation, discovery, or routing",artifact violates schema or description collides,Does package match official required/optional structure?,repair metadata/package/test,Diagnose in context; apply the smallest supported change; run the semantic-preservation audit.,Use only when the observable signal causes the stated reader problem.,Marked form may be functional; consult the owning skill's exceptions.,"Mechanical application can change meaning, hierarchy, register, evidence, or voice.",A clean instance of the marked form should remain unchanged.,official platform requirement,current official documentation with cutoff temporal caveat,portfolio-infrastructure,,False,,,,high current
PLAT-03,PLAT,OpenAI,Build skills; Skills in ChatGPT,living official documentation,Build skills,https://learn.chatgpt.com/docs/build-skills,description,required activation metadata,Document,package/activation fault,"skill fails validation, discovery, or routing",artifact violates schema or description collides,Does package match official required/optional structure?,repair metadata/package/test,Diagnose in context; apply the smallest supported change; run the semantic-preservation audit.,Use only when the observable signal causes the stated reader problem.,Marked form may be functional; consult the owning skill's exceptions.,"Mechanical application can change meaning, hierarchy, register, evidence, or voice.",A clean instance of the marked form should remain unchanged.,official platform requirement,current official documentation with cutoff temporal caveat,portfolio-infrastructure,,False,,,,high current
PLAT-04,PLAT,OpenAI,Build skills; Skills in ChatGPT,living official documentation,Build skills,https://learn.chatgpt.com/docs/build-skills,progressive disclosure,metadata-first loading,Document,package/activation fault,"skill fails validation, discovery, or routing",artifact violates schema or description collides,Does package match official required/optional structure?,repair metadata/package/test,Diagnose in context; apply the smallest supported change; run the semantic-preservation audit.,Use only when the observable signal causes the stated reader problem.,Marked form may be functional; consult the owning skill's exceptions.,"Mechanical application can change meaning, hierarchy, register, evidence, or voice.",A clean instance of the marked form should remain unchanged.,official platform requirement,current official documentation with cutoff temporal caveat,portfolio-infrastructure,,False,,,,high current
PLAT-05,PLAT,OpenAI,Build skills; Skills in ChatGPT,living official documentation,Build skills,https://learn.chatgpt.com/docs/build-skills,explicit invocation,@ in ChatGPT; $ or /skills in Codex,Document,package/activation fault,"skill fails validation, discovery, or routing",artifact violates schema or description collides,Does package match official required/optional structure?,repair metadata/package/test,Diagnose in context; apply the smallest supported change; run the semantic-preservation audit.,Use only when the observable signal causes the stated reader problem.,Marked form may be functional; consult the owning skill's exceptions.,"Mechanical application can change meaning, hierarchy, register, evidence, or voice.",A clean instance of the marked form should remain unchanged.,official platform requirement,current official documentation with cutoff temporal caveat,portfolio-infrastructure,,False,,,,high current
PLAT-06,PLAT,OpenAI,Build skills; Skills in ChatGPT,living official documentation,Build skills,https://learn.chatgpt.com/docs/build-skills,implicit invocation,description-based match,Document,package/activation fault,"skill fails validation, discovery, or routing",artifact violates schema or description collides,Does package match official required/optional structure?,repair metadata/package/test,Diagnose in context; apply the smallest supported change; run the semantic-preservation audit.,Use only when the observable signal causes the stated reader problem.,Marked form may be functional; consult the owning skill's exceptions.,"Mechanical application can change meaning, hierarchy, register, evidence, or voice.",A clean instance of the marked form should remain unchanged.,official platform requirement,current official documentation with cutoff temporal caveat,portfolio-infrastructure,,False,,,,high current
PLAT-07,PLAT,OpenAI,Build skills; Skills in ChatGPT,living official documentation,Build skills,https://learn.chatgpt.com/docs/build-skills,agents/openai.yaml,optional UI/policy/dependencies,Document,package/activation fault,"skill fails validation, discovery, or routing",artifact violates schema or description collides,Does package match official required/optional structure?,repair metadata/package/test,Diagnose in context; apply the smallest supported change; run the semantic-preservation audit.,Use only when the observable signal causes the stated reader problem.,Marked form may be functional; consult the owning skill's exceptions.,"Mechanical application can change meaning, hierarchy, register, evidence, or voice.",A clean instance of the marked form should remain unchanged.,official platform requirement,current official documentation with cutoff temporal caveat,portfolio-infrastructure,,False,,,,high current
PLAT-08,PLAT,OpenAI,Build skills; Skills in ChatGPT,living official documentation,Build skills,https://learn.chatgpt.com/docs/build-skills,plugin,multi-skill distribution package,Document,package/activation fault,"skill fails validation, discovery, or routing",artifact violates schema or description collides,Does package match official required/optional structure?,repair metadata/package/test,Diagnose in context; apply the smallest supported change; run the semantic-preservation audit.,Use only when the observable signal causes the stated reader problem.,Marked form may be functional; consult the owning skill's exceptions.,"Mechanical application can change meaning, hierarchy, register, evidence, or voice.",A clean instance of the marked form should remain unchanged.,official platform requirement,current official documentation with cutoff temporal caveat,portfolio-infrastructure,,False,,,,high current
PLAT-09,PLAT,OpenAI,Build skills; Skills in ChatGPT,living official documentation,Build skills,https://learn.chatgpt.com/docs/build-skills,one SKILL.md,single-skill upload constraint,Document,package/activation fault,"skill fails validation, discovery, or routing",artifact violates schema or description collides,Does package match official required/optional structure?,repair metadata/package/test,Diagnose in context; apply the smallest supported change; run the semantic-preservation audit.,Use only when the observable signal causes the stated reader problem.,Marked form may be functional; consult the owning skill's exceptions.,"Mechanical application can change meaning, hierarchy, register, evidence, or voice.",A clean instance of the marked form should remain unchanged.,official platform requirement,current official documentation with cutoff temporal caveat,portfolio-infrastructure,,False,,,,high current
PLAT-10,PLAT,OpenAI,Build skills; Skills in ChatGPT,living official documentation,Build skills,https://learn.chatgpt.com/docs/build-skills,test descriptions,activation validation,Document,package/activation fault,"skill fails validation, discovery, or routing",artifact violates schema or description collides,Does package match official required/optional structure?,repair metadata/package/test,Diagnose in context; apply the smallest supported change; run the semantic-preservation audit.,Use only when the observable signal causes the stated reader problem.,Marked form may be functional; consult the owning skill's exceptions.,"Mechanical application can change meaning, hierarchy, register, evidence, or voice.",A clean instance of the marked form should remain unchanged.,official platform requirement,current official documentation with cutoff temporal caveat,portfolio-infrastructure,,False,,,,high current
